id,text,sentiment_C1,stance_C1,sentiment_C2,stance_C2,target
wm_0,"Target: Women's March

London Women's March 2017. #womensmarch #resist #lovetrumpshate #womeninstreet https://t.co/FZ9KETMZi6",1.0,1,1.0,1.0,wm
wm_1,"Target: Women's March

Rip to those that actually have somewhere to be today because there is this in your city. https://t.co/ofdLA4yiGd",0.0,0,0.0,0.0,wm
wm_2,"Target: Women's March

Look how much I do care about keeping America Fit, I've motivated so many ppl to go walking on this beautiful day! #DOTUS #WomensMarch #iwin",1.0,0,1.0,0.0,wm
wm_3,"Target: Women's March

Oh no this will definitely change the outcome of the AMERICAN election. https://t.co/sluhFaFVEv",0.0,0,0.0,0.0,wm
wm_4,"Target: Women's March

The women's marches were huuuge this weekend! Now it's clear that Trump has neither a mandate nor a woman-date. #joketrump #WomensMarch",1.0,1,1.0,1.0,wm
wm_5,"Target: Women's March

by bombing them? https://t.co/JSkfqksXDm",0.0,0,0.0,1.0,wm
wm_7,"Target: Women's March

Best chants #WomensMarch 

""Tiny hands tiny feet all he does is tweet tweet tweet""

""He's orange he's gross he lost the popular vote""",1.0,1,0.0,1.0,wm
wm_8,"Target: Women's March

Holy cow!! This is fantastic!! Trump has accomplished something...THIS! https://t.co/AQ0VCjC1oq",1.0,1,1.0,1.0,wm
wm_9,"Target: Women's March

My city coming through üëèüèºüëèüèº https://t.co/gyNXKZ0vq7",1.0,1,1.0,1.0,wm
wm_10,"Target: Women's March

TBH I want that pink pussy beanie too #WomensMarch",1.0,1,1.0,1.0,wm
wm_11,"Target: Women's March

Nice! https://t.co/jnGK9oIG2I",1.0,1,1.0,1.0,wm
wm_13,"Target: Women's March

@DrMartyFox #WomensMarch absent when women of Cologne mass raped by MidEast male refugees, then told 2 basically grin/bear it by their mayor",0.0,0,0.0,0.0,wm
wm_15,"Target: Women's March

DemAwakening: .zhaabowekwe will kick off our Teach-In on Jan 21, which will mobilize womensmarch attendees around ‚Ä¶ https://t.co/w7WXb3s0Vp",1.0,1,1.0,1.0,wm
wm_16,"Target: Women's March

All those broads, and nobody to clean up that mess. https://t.co/cB8KUXhcq2",0.0,0,0.0,0.0,wm
wm_17,"Target: Women's March

#WomensMarch #solidarity ""open your heart ‚ù§Ô∏è to patriotism there is no room for prejudice"" @POTUS üá∫üá∏ #SupportOurTroops #SupportOurPresident",1.0,1,1.0,0.0,wm
wm_18,"Target: Women's March

Many women I talked to who went to #WomensMarch couldn't afford a place to stay, crashed at friend's. Paid for plane+ba‚Ä¶",0.0,1,1.0,1.0,wm
wm_19,"Target: Women's March

The future is #nasty! #womensmarchiowa #wmia #womensmarch https://t.co/0X8O9m9w69",1.0,1,1.0,1.0,wm
wm_20,"Target: Women's March

Congress - do you hear us now? You do NOT have a blank check to roll-back decades of progress. #WomensMarch We'll hold you accountable.",0.0,1,0.0,1.0,wm
wm_21,"Target: Women's March

Didn't Hillary and all liberals denounce this kind of thing as a threat to the Republic when they thought they would win ? https://t.co/vCZHiWujz1",0.0,0,0.0,0.0,wm
wm_22,"Target: Women's March

Brilliant. @Madonna is thinking of blowing up the #WhiteHouse, and now these ‚ùÑÔ∏è‚ùÑÔ∏è‚ùÑÔ∏èare threatening @POTUS with a mass #Mus‚Ä¶",0.0,0,0.0,0.0,wm
wm_23,"Target: Women's March

If feminists wanted to empower women, they should love diversity of thought among us. #WomensMarch",1.0,0,0.0,0.0,wm
wm_24,"Target: Women's March

MT @March_for_Life: 'I am young. I am a woman. I am for life.' #prolife #whyimarch https://t.co/J8tOGA3Mnv #UnbornLivesMatter #PJNET",1.0,0,1.0,1.0,wm
wm_25,"Target: Women's March

So many great signs and banners today! #WomensMarch #WMNewZealand #whyIMarch #WM_global #WMW https://t.co/G3ll5a4KM6",1.0,1,1.0,1.0,wm
wm_26,"Target: Women's March

#WomensMarch this tweet raises the problem with #PlasticFeminism: WILLFULL IGNORANCE TO REAL FEMINIST ISSUES! #MAGA #Hypocrites https://t.co/LPMAbcfx1L",0.0,0,0.0,0.0,wm
wm_27,"Target: Women's March

EAGLE ALERT: So many marchers talked about this moment. Here it is. Thanks @lindsaycohen #womxnsmarchseattle #komonews ht‚Ä¶",1.0,1,1.0,1.0,wm
wm_29,"Target: Women's March

Hundreds of thousands of marchers silent, listening to the wisdom of this beautiful, radical leader. #loveyougloria #womens‚Ä¶",1.0,1,1.0,1.0,wm
wm_30,"Target: Women's March

@WDBJ7 it's amazing how much media coverage is given 2 those who support both the slaughter of the unborn and sexual perversion.#WomensMarch",0.0,0,0.0,0.0,wm
wm_32,"Target: Women's March

At least 10 cities in #Texas held a #WomensMarch today. Not sure why only 3 show up on this map. I was at #MarchOnAustin‚Ä¶",1.0,1,1.0,1.0,wm
wm_33,"Target: Women's March

We are beautiful &amp; strong.#WomensMarch https://t.co/kelotIF0np",1.0,1,1.0,1.0,wm
wm_34,"Target: Women's March

This is part of what #museums and #archives and #libraries can do. Document! #WomensMarch https://t.co/gHXkKLrJdk",1.0,1,1.0,1.0,wm
wm_35,"Target: Women's March

#womensmarch was nothing more than continuation of a 2+ month temper tantrum that is tired, worn out &amp; old. And they w‚Ä¶",0.0,0,0.0,0.0,wm
wm_36,"Target: Women's March

We will be at the @womensmarchla on Jan 21, will you? 
#WhyIMarch #WomensMarch #WomensmarchLA #UnitedAgainstHate https://t.c‚Ä¶",1.0,1,1.0,1.0,wm
wm_38,"Target: Women's March

A quick check on what my local neighbourhood's bigots have to say about yesterday's inspiring #WomensMarch https://t.co/jncYrXwdXb",0.0,1,0.0,1.0,wm
wm_40,"Target: Women's March

#WomensMarch @realDonaIdTrump Hillary may have lost the fight, but she started a revolution of change! A FAR GREATER ACCOMPLISHMENT !",1.0,1,1.0,1.0,wm
wm_41,"Target: Women's March

Don't worry hunny no none wants to grab your pussy. That's probably why ya'll are so angry. #NastyWoman #WomensMarch #1A #‚Ä¶",0.0,0,0.0,0.0,wm
wm_42,"Target: Women's March

All Respect ‚ù§Ô∏èLoveüíõStrengthüíöSolidarityüíôPowerüíúHope‚úäüèø‚úäüèæ‚úäüèΩ‚úäüèº‚úäüèª To #WomensMarch'ers around the world üåéüåçüåèfrom the #Fightfor15",1.0,1,1.0,1.0,wm
wm_43,"Target: Women's March

Officially my favorite sign #WomensMarch https://t.co/QD1grEytxt",1.0,1,1.0,1.0,wm
wm_44,"Target: Women's March

March on, fellow women! @TheMightySite 
#WomensMarch #womensrightsarehumanrights 
#Election2016 #crohns #ostomy #ACA
https://t.co/4fdGhAjzMa",1.0,1,1.0,1.0,wm
wm_45,"Target: Women's March

@womensmarch.. Congratulations losers, you walked, I hope today you have sore feet, at least you will have accomplished something!!",0.0,0,0.0,0.0,wm
wm_46,"Target: Women's March

Women. Not ladies. https://t.co/qqRjlGkP3t",0.0,0,0.0,1.0,wm
wm_47,"Target: Women's March

god bless her parents; she could have been ""witnessing"" with ""abortion kills"" sign; #peacefulprotests #changetheconversation #ProtestMarch https://t.co/eIr0qSRM3d",1.0,0,1.0,1.0,wm
wm_48,"Target: Women's March

Moore Square is packed with people during the #womensmarchraleigh #ncpol #WomensMarch https://t.co/jyMyjA9XXz",1.0,1,1.0,1.0,wm
wm_49,"Target: Women's March

But, by all means #WomensMarch complain about what you fear will happen!
https://t.co/mA9Je8aOLy",0.0,0,0.0,0.0,wm
wm_50,"Target: Women's March

This what a liberal protest looks like https://t.co/dmCwFNhF9d",1.0,0,0.0,0.0,wm
wm_51,"Target: Women's March

Ariana and Miley also participated in the march, fighting for your rights
I love them so much and I'm so proud ‚ô• #Wome‚Ä¶",1.0,1,1.0,1.0,wm
wm_53,"Target: Women's March

She should be in jail! https://t.co/QE4av9zs4x",0.0,0,0.0,0.0,wm
wm_55,"Target: Women's March

The libtards in this country deserve to be forced to live under sharia law! its the invasion of retards! I love how they have ZERO power https://t.co/wNC1e4XK4N",0.0,0,0.0,0.0,wm
wm_56,"Target: Women's March

Who cares what you say. Go away. https://t.co/0ORmZTJOie",0.0,0,0.0,0.0,wm
wm_57,"Target: Women's March

@Crazy_Mazzei @MattWalshBlog Did he say something positive about #womensmarch Would he say something positive about #womensmarch",1.0,0,1.0,1.0,wm
wm_58,"Target: Women's March

Proud of my fellow citizens, thank you to the tapestry of humanity that exercised their right to peaceful assembly yesterday. #WomensMarch",1.0,1,1.0,1.0,wm
wm_59,"Target: Women's March

This was cool to see #WomensMarch https://t.co/kYYQOcvE2k",1.0,1,1.0,1.0,wm
wm_61,"Target: Women's March

#WomensMarch is proof of ignorance. By opposing #Trump they support Anarchy &gt; weakening US &gt; empowering #ISIS &gt; no rights at all &gt; rape https://t.co/0eqLNbrwC5",0.0,0,0.0,0.0,wm
wm_62,"Target: Women's March

#WomansMarch is turning out to be #ProABortionMarch.
You don't represent real woman.
More lies from the paid left.
#followThe‚Ä¶",0.0,0,0.0,0.0,wm
wm_63,"Target: Women's March

@BBCNews reports hundreds of thousands of marchers. Why not million+ which is nearer the mark. #WomensMarch",0.0,1,1.0,1.0,wm
wm_64,"Target: Women's March

Thank you to @DallasPD @CityOfDallas for keeping us safe today at our #DallasWomensMarch! #Dallas #WomensMarch",1.0,1,1.0,1.0,wm
wm_65,"Target: Women's March

Holy shit do I love Gregg Popovich!! #WomensMarch #fucktrump",1.0,1,1.0,1.0,wm
wm_66,"Target: Women's March

Typical liberals let someone clean up your mess. I'm sure Debozzio will be demanding payment from the Fed for a reason we won't understand. https://t.co/lhYvHj0iTV",0.0,0,0.0,0.0,wm
wm_68,"Target: Women's March

#Madonna should be arrested and punished. https://t.co/hCdl7jc6FZ",0.0,0,0.0,0.0,wm
wm_69,"Target: Women's March

Imagine being this stupid. https://t.co/Ydo1KPnpQO",0.0,0,0.0,1.0,wm
wm_71,"Target: Women's March

Thank God help, change, and dare I say hope is on the way #MAGA it is happening https://t.co/fD9XAitVZV",1.0,0,1.0,0.0,wm
wm_72,"Target: Women's March

Off to the #womensmarchlondon. #WomensMarch #EqualityforAll https://t.co/JLaOF0rg1y",1.0,1,1.0,1.0,wm
wm_73,"Target: Women's March

Great idea! Zero in on this, nice strategy. üëá https://t.co/b409YgwAOy",1.0,1,1.0,1.0,wm
wm_74,"Target: Women's March

You have to expect this when one of the organizers is tied to Hamas üëπüë∫üî™üí£ https://t.co/CnDx0U7Jxf",0.0,1,0.0,0.0,wm
wm_75,"Target: Women's March

Libs have always been #UsefulIdiots. https://t.co/x5y2KmAw36",0.0,0,0.0,0.0,wm
wm_76,"Target: Women's March

#WomensMarch Feminism¬†is simply the quest for the equality of the sexes. Just that Trump",1.0,1,1.0,1.0,wm
wm_77,"Target: Women's March

@paolamendoza @womensmarch lol you got to give the feminist that they are funny, what courage is that? Doing that in front of liberals? Lol",0.0,0,0.0,0.0,wm
wm_78,"Target: Women's March

Bless the individuals who made this. Each photo is glorious and represent the diversity America stands for. #WomensMarch https://t.co/IjyxxPTffF",1.0,1,1.0,1.0,wm
wm_79,"Target: Women's March

#WomensMarch¬† &lt; is a pack uh grotesque homosucksual libtard thuggoons ! them being women does nothing to confirm their humanity üëéüèº",0.0,0,0.0,0.0,wm
wm_80,"Target: Women's March

That sign is fantastic https://t.co/xdhRiDJh9m",1.0,1,1.0,1.0,wm
wm_81,"Target: Women's March

#DakotaJohnson participated in #WomensMarch in LA yesterday with @blakeleeblake @ChaseCohl @Addijay for #WomensmarchLA @womensmarch https://t.co/SDFiA0zz68",1.0,1,1.0,1.0,wm
wm_82,"Target: Women's March

This thread 
‚ù§Ô∏èüíôüíúüíõüíö
Kara is exactly right about #whyIMarch
#AddHillary
#AddHerName
#WomensMarchOnWashington
#TheResistence
#WomensMarch https://t.co/yNaBnJJ1ct",1.0,1,1.0,1.0,wm
wm_83,"Target: Women's March

#WomensMarch why do this now? It's too late. Now @realDonaldTrump IS your president. Very loud but not so smart protest. :/",0.0,0,0.0,0.0,wm
wm_85,"Target: Women's March

Why is it important for an anti-abortion org to be a recognized group in @womensmarch? Where was the partnership before the elections?",0.0,1,0.0,1.0,wm
wm_86,"Target: Women's March

@cbcmarketplace why not do a shit saying ""cbc endorses SHARI LAW"" YOU CUCK IDIOTS! https://t.co/NP1RtkEsR2",0.0,0,0.0,0.0,wm
wm_87,"Target: Women's March

President of CAIR support Hamas, a radical Islamic terror group. CAIR is joining the #WomensMarch in DC. This is as anti-‚Ä¶",0.0,0,0.0,0.0,wm
wm_88,"Target: Women's March

RT PrisonPlanet: Was told I hate women cause I criticized #WomensMarch

If you criticize this pro-Trump march, you‚Ä¶ https:/‚Ä¶",0.0,0,0.0,0.0,wm
wm_89,"Target: Women's March

Text women to 40649 to stay in touch to stand together and say no to unfair legislation. #WomensMarch @ellen @TheEllenShow @leightuohy",1.0,1,1.0,1.0,wm
wm_90,"Target: Women's March

#WomensMarch ladies - Madonna hates America! Madonna Interview : Vogue (August 2005) | all about Madonna https://t.co/aoLKf3cYeZ",0.0,0,0.0,0.0,wm
wm_91,"Target: Women's March

AKA The 'We're having a collective hissy fit because Hillary lost' March. #WomensMarch @FoxNews",0.0,0,0.0,0.0,wm
wm_92,"Target: Women's March

F**king Media Scum https://t.co/33lVxgelt2",0.0,0,0.0,0.0,wm
wm_93,"Target: Women's March

#WomenLead--&gt; More people at #WomensMarch than #Inauguration. This is what democracy looks like. #ResistTrump!!",1.0,1,1.0,1.0,wm
wm_94,"Target: Women's March

Hillary Clinton was a Senator and Secretary of State in her own right before she ran, you gibbering buffoon: https://t.‚Ä¶",0.0,1,0.0,1.0,wm
wm_95,"Target: Women's March

@jorymicah marching for the right to kill your own children is incomprehensible #WomensMarch",0.0,0,0.0,0.0,wm
wm_97,"Target: Women's March

@Godndguns Any pro-sharia banners at march? @lsarsour @nogod4dave @womensmarch @FoxNews @HillaryClinton @ColorMeRed @ikhras",1.0,0,0.0,0.0,wm
wm_98,"Target: Women's March

¬´human rights are women's rights, and women's rights are human rights once and for ALL¬ª #womensmarch",1.0,1,1.0,1.0,wm
wm_100,"Target: Women's March

Tens of thousands marching and chearing through Seattle. #WomensMarch #komonews https://t.co/YKTrGXywUe",1.0,1,1.0,1.0,wm
wm_101,"Target: Women's March

The Holly-weird elite will never come to terms with the fact they're irrelevant. Let's boycott their movies &amp; TV shows.‚Ä¶",0.0,0,0.0,0.0,wm
wm_102,"Target: Women's March

Power with purpose. @womensmarch https://t.co/xegIwKd7fs",1.0,1,1.0,1.0,wm
wm_103,"Target: Women's March

OCPD officer just estimated up to 5000 people here right now for the #WomensMarch OK. People are still streaming in. @NEWS9",1.0,1,1.0,1.0,wm
wm_105,"Target: Women's March

Over 30 million women voted for Trump.Thats a true #WomensMarch They voted against HC who said 12yr old girl rape vict‚Ä¶",1.0,0,0.0,0.0,wm
wm_106,"Target: Women's March

Hundreds of thousands of #WomensMarch protesters flood DC, Chicago, NYC and other big cities https://t.co/s4lWXHtnY3 https:/‚Ä¶",1.0,1,1.0,1.0,wm
wm_107,"Target: Women's March

OMG BIIITTTCCH STFU !! Even before you was born women been marchering for u to even have a damn job !! https://t.co/IbUR3TR4wb",0.0,1,0.0,1.0,wm
wm_108,"Target: Women's March

Use energy/passion you have today to commit to what actions you'll take in the next 4 years. Make your plan to fight like hell! #WomensMarch",1.0,1,1.0,1.0,wm
wm_109,"Target: Women's March

#WomensMarch attendees hate firearms for self defense against would be perpetrators but love these weapons to tear apa‚Ä¶",0.0,0,0.0,0.0,wm
wm_112,"Target: Women's March

There's more people at the mall today #WomensMarch then #InaugurationDay2017 https://t.co/BfkJmMSDZk",1.0,1,1.0,1.0,wm
wm_113,"Target: Women's March

Impressive pics of #WomensMarch worldwide! &lt;3 Together we will rise! The fear is on the other side now!
#ResistTrump #Blockup‚Ä¶",1.0,1,1.0,1.0,wm
wm_114,"Target: Women's March

#WomensMarch I have 2 boy's with special needs many others who voted Mr Trump are diverse as well You people are not re‚Ä¶",1.0,0,1.0,0.0,wm
wm_115,"Target: Women's March

@FBI @Madonna FBI I demand that you open an investigation on Madonna and her ILLEGAL banter threatening the President @realDonaldTrump ! https://t.co/4bXJ25LWTG",0.0,0,0.0,0.0,wm
wm_116,"Target: Women's March

The Black Muslim community is showing OUT. They said they're not registering for Trump and his nazis. #WomensMarch",0.0,1,0.0,1.0,wm
wm_117,"Target: Women's March

One Thousand Four Hundred vulnerable girls were sexually abused over 16 years in Rotherham alone. There was NO #WomensM‚Ä¶",0.0,1,0.0,0.0,wm
wm_118,"Target: Women's March

@DvinMsM @HowellMarketing @larryelder over half the broads marching are likely just angry because guys aren't hitting on them #WomensMarch",0.0,0,0.0,0.0,wm
wm_119,"Target: Women's March

'In this together': #WomensMarch in D.C. echoed around the world https://t.co/syWCkXjAKB via @nbcnews",1.0,1,1.0,1.0,wm
wm_120,"Target: Women's March

Thought this a timely reminder -&gt; 7 Reasons Feminists Feel So Threatened By Conservative Women #WomensMarch https://t.co‚Ä¶",0.0,0,0.0,0.0,wm
wm_121,"Target: Women's March

@melgrissom @FREEDOMPARTY2 @rejialex7 Gloria Steinem encouraged all #WomensMarch women to register as muslims. How crazy,‚Ä¶",0.0,0,0.0,0.0,wm
wm_123,"Target: Women's March

This is a #prochoice statement, yet @CarlyFiorina wants to remove the autonomy of others. #WomensMarch 
@FoxNews https://t.co/A579dPnUOs",0.0,1,0.0,0.0,wm
wm_124,"Target: Women's March

ABSOLUTELY DISGRACEFUL - Imagine if she wore that in Iran or Iraq? https://t.co/vHwj1kKGIe",0.0,0,0.0,0.0,wm
wm_125,"Target: Women's March

""The Pussy Grabs Back""
#WomensMarch https://t.co/boDiyoqT0t",0.0,1,1.0,1.0,wm
wm_126,"Target: Women's March

And I hope you told the truth... and not what the #Presstitutes say https://t.co/q9Oz8vuSnv",0.0,0,0.0,0.0,wm
wm_127,"Target: Women's March

#WomensMarch Life and Family do not touch, Abortion=Murder PROVIDA https://t.co/VZGbWE0GFq",0.0,0,0.0,0.0,wm
wm_128,"Target: Women's March

Wow Phoenix showed out I wish I woke up üíÄ https://t.co/UgKJ2Ywwuv",1.0,1,1.0,1.0,wm
wm_129,"Target: Women's March

No true man marched today... #WomensMarch",0.0,0,0.0,0.0,wm
wm_131,"Target: Women's March

No, this is what a mass hissy fit over a failed female presidential candidate's bid for the White House looks like. https:‚Ä¶",0.0,0,0.0,0.0,wm
wm_132,"Target: Women's March

Women's rights are human rights. #DivestTrump #WomensMarchOnWashington #WomensMarch Share your voice here. https://t.co/H‚Ä¶",1.0,1,1.0,1.0,wm
wm_133,"Target: Women's March

The hypocrisy of a feminist march banning pro-life women #WomensMarch https://t.co/dao1Qx9RZw via @DCExaminer",0.0,0,0.0,0.0,wm
wm_134,"Target: Women's March

@I_hate_camp https://t.co/2gCy5Vacq1

#WomensMarch - #Tokyo, Japan

Growing up to 500 peoples now!",0.0,1,1.0,1.0,wm
wm_135,"Target: Women's March

Madonna has proved she is not classy, poised, or gracious. #WomensMarch",0.0,0,0.0,0.0,wm
wm_136,"Target: Women's March

Turning out as Buddhists to support the #womensmarch in Portsmouth #portsmouthnh #seacoast‚Ä¶ https://t.co/6BG9zR9ut7",1.0,1,1.0,1.0,wm
wm_137,"Target: Women's March

Did you know that not all women can be in this #WomensMarch ? Pro life women would be told they cant march. So biased, get over yourself.",0.0,0,0.0,0.0,wm
wm_138,"Target: Women's March

And they wanted to be taken seriously? https://t.co/K63sM4Xkta",0.0,0,0.0,0.0,wm
wm_139,"Target: Women's March

Madonna and Scarlett Johansson among Women's March speakers, Fur hags #WomensMarch https://t.co/W3AXExb5CF",0.0,0,0.0,0.0,wm
wm_140,"Target: Women's March

#WomensMarch ...a whole movement focusing on rights that aren't even being threatened. Way to go girls! !",1.0,0,0.0,0.0,wm
wm_141,"Target: Women's March

Another ""THIS"" Entry in #TrumpsDarkAmerica üïØÔ∏è
#TheResistance #Resist #NotMyPresident #BoycottTrump #NeverMyPresident #MAG‚Ä¶",0.0,1,0.0,1.0,wm
wm_142,"Target: Women's March

From @AJENews - the @womensmarchsyd was one of the first in the world #WomensMarch #whyIMarch #feminism #solidarity https://t.co/0O32KZg7LY",1.0,1,1.0,1.0,wm
wm_143,"Target: Women's March

@PrisonPlanet It was the White Privilege march on Washington

#WomensMarch",0.0,0,0.0,0.0,wm
wm_144,"Target: Women's March

You got that right https://t.co/VZ76wYYSsP",1.0,1,1.0,0.0,wm
wm_145,"Target: Women's March

I really should have gone üòÖ https://t.co/ds4lMprUbm",0.0,1,1.0,1.0,wm
wm_146,"Target: Women's March

Fake March https://t.co/Dli8SAcisO",0.0,1,0.0,0.0,wm
wm_147,"Target: Women's March

If you are a Christian you just need to read Jeremiah 1:5 and then explain your thoughts. https://t.co/oc8fEiuEpH",0.0,0,1.0,1.0,wm
wm_148,"Target: Women's March

This ""feminist"" cosponsored HR-4018 a pro PayDay loan bill. The sane exploitative loans that harm poor women. What a f‚Ä¶",0.0,0,0.0,0.0,wm
wm_149,"Target: Women's March

We men need to embrace the power and strength of women..give them there voice and welcome there abilities https://t.co/nCCFsXjfMu",1.0,1,1.0,1.0,wm
wm_150,"Target: Women's March

Not for this #WomensMarch because they decided to ban those who are pro life. üñïüèº",0.0,0,0.0,0.0,wm
wm_151,"Target: Women's March

Signing up future leaders of America at our table at the #womensmarchonraleigh #WomensMarch https://t.co/TaxVQRNHGe",1.0,1,1.0,1.0,wm
wm_152,"Target: Women's March

shut up if you don't like the #WomensMarch we did it to show the orange peel we have as president that we won't be sile‚Ä¶",0.0,1,0.0,1.0,wm
wm_153,"Target: Women's March

@womensmarch How can you use @HillaryClinton HumanRights quote in your GuidingVision&amp;Definition of Principles and not acknowledge her. #FAIL",0.0,1,0.0,1.0,wm
wm_154,"Target: Women's March

You know she supports Sharia, right? https://t.co/A473VFjwU4",1.0,0,0.0,0.0,wm
wm_155,"Target: Women's March

My Twitter is blowing up like #Madonna at the White House, phone keeps freezing can barely send this tweet! üòÇ#WomensMarc‚Ä¶",0.0,0,1.0,1.0,wm
wm_156,"Target: Women's March

Silly liberal moonbats acting like their changing the world but 2 weeks from now.... *crickets chirping* https://t.co/PTw2YX3Oad",0.0,0,0.0,0.0,wm
wm_157,"Target: Women's March

ICONIC https://t.co/DlOwybgT1v",1.0,1,1.0,1.0,wm
wm_158,"Target: Women's March

@greenrose50 Me too! I'm energized and hopeful for the first time in a long time. #WomensMarch",1.0,1,1.0,1.0,wm
wm_159,"Target: Women's March

Thank u @SophiaBush !üôèüèº‚ù§ bc of u i got to learn about @womensmarch and found out about #sistermarch in #berlin ! #WomensMarch #WhyIMarch https://t.co/j2PGgqKPGc",1.0,1,1.0,1.0,wm
wm_160,"Target: Women's March

possibly the cutest thing I've ever seen #WomensMarch https://t.co/OFOEx2JJuy",1.0,1,1.0,1.0,wm
wm_161,"Target: Women's March

Stay #woke, lads. The ladies need us to promote their cause. You know: being a human being. #WomensMarch",1.0,1,1.0,1.0,wm
wm_162,"Target: Women's March

Selection of panoramas. #womensmarch #BostonWomensMarch https://t.co/ftQjYKgqdp",1.0,1,1.0,1.0,wm
wm_163,"Target: Women's March

Going to protest in Washington, D.C. next week? Know your rights https://t.co/KAsCFACmx8",1.0,1,1.0,1.0,wm
wm_164,"Target: Women's March

@FrankLuntz thank u for reporting this! the hypocrisy from these protesters and the liberal news is massive #WomensMarch #TheyTrashedTheCity",0.0,0,1.0,0.0,wm
wm_165,"Target: Women's March

Making History!! #WickedAwesome https://t.co/WKh5d7lAQa",1.0,1,1.0,1.0,wm
wm_166,"Target: Women's March

the march today in london #womensmarchlondon #WomensMarch #womensrightsarehumanrights #TrafalgarSquare #dumptrump #StandT‚Ä¶",1.0,1,1.0,1.0,wm
wm_167,"Target: Women's March

@tatianamaslany because women are the ones who should have control over their own bodies #WhyIMarch",1.0,1,1.0,1.0,wm
wm_168,"Target: Women's March

It will be a tragedy if @potus does not hold a press conference discussing #WomensMarch showing that he HEARD AND IS LISTENING TO OUR VOICES",0.0,1,0.0,1.0,wm
wm_169,"Target: Women's March

Marched in the #WomensMarch #MarchOnWashington ? Remember the reasons #WhyWeMarch needs to become #WhatWeDo #100days https://t.co/B7Q6juvm36",1.0,1,1.0,1.0,wm
wm_170,"Target: Women's March

Obvious course of action: Destroy their windows! #womensmarch #MAGA #KAG #TCOT #LNYHBT #DrainTheSwamp #BuildTheWall https://t.‚Ä¶",0.0,0,0.0,0.0,wm
wm_171,"Target: Women's March

Today's #WomensMarch on Washington is really a march against women, science, and life itself https://t.co/lYSrt0nbvg",0.0,0,0.0,0.0,wm
wm_173,"Target: Women's March

One of my favorites heard at the @womensmarch in DC! RT @BethRader: Welcome to your ""first day."" We will not go away. #MuteMonday",1.0,1,1.0,1.0,wm
wm_174,"Target: Women's March

@bogiebeagle2 @American1765 Because of Trump's march, we have hope that the leftist #WomensMarch won't force this... https://t.co/EKiQCRYvGt",0.0,0,1.0,0.0,wm
wm_175,"Target: Women's March

#WomensMarch Life and Family do not touch, Abortion=Murder PROVIDA https://t.co/eNaLgceSAc",0.0,0,0.0,0.0,wm
wm_176,"Target: Women's March

Today is not a real #WomensMarch, if it were it would be all inclusive. #prolifefeminist #prolifeprowoman",0.0,0,0.0,0.0,wm
wm_177,"Target: Women's March

As women we must stand together. Don't listen to @TomiLahren or @realDonaldTrump. Love Trumps Hate! #WomensMarch https://‚Ä¶",1.0,1,1.0,1.0,wm
wm_178,"Target: Women's March

The #WomensMarch was huge can't wait to tell my daughter about it, best response to the country's BS",1.0,1,1.0,1.0,wm
wm_180,"Target: Women's March

Many of the signs promoting the hijab, how progressive. #WomensMarch #FauxFeminists https://t.co/U5vWLNw4jP",1.0,0,0.0,0.0,wm
wm_182,"Target: Women's March

#InicjatywaFeministyczna na #womensmarch #Naprz√≥dSiostry #Warszawa Warsaw https://t.co/beJnQxyQyE",1.0,0,1.0,1.0,wm
wm_184,"Target: Women's March

@DWStweets @senmarcorubio @SenBillNelson This is us https://t.co/BLaYx5h7gd",1.0,1,1.0,1.0,wm
wm_185,"Target: Women's March

Safe to say there weren't any environmentalist at the #WomensMarch? https://t.co/JufAKJXrU6",1.0,0,0.0,0.0,wm
wm_186,"Target: Women's March

WIRED: These are the topics #WomensMarch protesters are prioritizing, according to an analysis of tweets and hasht‚Ä¶ https://t.co/kMd2hFt5kd",1.0,1,1.0,1.0,wm
wm_187,"Target: Women's March

Apparently not. The @womensmarch seems to have caved and kicked them out. https://t.co/xAiYGI7Fm7",0.0,0,0.0,0.0,wm
wm_189,"Target: Women's March

This is REAL women's rights looks like... thank you @KellyannePolls for your fight with grace and dignity. #WomensMarch http‚Ä¶",1.0,0,1.0,0.0,wm
wm_190,"Target: Women's March

Fucking feminist https://t.co/ZVpkv91YNn",0.0,0,0.0,0.0,wm
wm_191,"Target: Women's March

This is why women need to rule the world https://t.co/U1YnOmRIxf",1.0,1,1.0,1.0,wm
wm_192,"Target: Women's March

Scenes from the #WomensMarch in Pacifica, CA. (incl a poster from #LadiesWhoDesign ) https://t.co/mXW7XQwP7Q",1.0,1,1.0,1.0,wm
wm_193,"Target: Women's March

Hey @womensmarch, FYI: Women are Oppressed when they don't have a CHOICE/RIGHT to Carry &amp; Protect their families. #womensmar‚Ä¶",0.0,0,0.0,0.0,wm
wm_195,"Target: Women's March

.#USA Woman 2B stoned 4 crime of being raped! #WomensMarch ridiculously trivial/meaningless! U follow #Hamas Bitch who supp‚Ä¶",0.0,0,0.0,0.0,wm
wm_196,"Target: Women's March

@LifeNewsHQ Since #prolifefeminist excluded from #WomensMarch , spent today making #hats for #babies . https://t.co/Pw9nnGrhQM",1.0,0,0.0,0.0,wm
wm_197,"Target: Women's March

More identity politics. Damn. https://t.co/CGozDHnk1F",0.0,0,0.0,0.0,wm
wm_198,"Target: Women's March

Should there be a men's march? #WomensMarch",1.0,0,0.0,0.0,wm
wm_199,"Target: Women's March

After riding DC Metro w/250,000 people, guess who we find w/commandeered WV flag to lead WV marchers? Of course @NatalieTennan‚Ä¶",0.0,1,1.0,1.0,wm
wm_200,"Target: Women's March

New Jersey @MomsDemand volunteers are READY for the @womensmarch and to #EndGunViolence! #WhyIMarch #DisarmHate #njleg h‚Ä¶",1.0,1,1.0,1.0,wm
wm_201,"Target: Women's March

#WomensMarch organize a clean up. Taxpayers don't want to pay for your trash. https://t.co/wlWyhVni56",0.0,0,0.0,0.0,wm
wm_202,"Target: Women's March

@NekoCase I marched in Oakland today; it was a something! So many of us! #WomensMarch https://t.co/zuUfO4gYJG",1.0,1,1.0,1.0,wm
wm_203,"Target: Women's March

Don't watch Madonna, watch @FeministaJones https://t.co/8c8UHjnozc",0.0,1,1.0,1.0,wm
wm_204,"Target: Women's March

Sad... What is wrong with you people? Trump said: I like ordinary Americans... And marches against him go... #WomensMarch https://t.co/ADqzuVBxjG",0.0,0,0.0,0.0,wm
wm_205,"Target: Women's March

@SenBlumenthal Senator Bluementhal please work towards making President Trump release his tax returns! #whyIMarch",0.0,1,1.0,1.0,wm
wm_206,"Target: Women's March

Proud to be part of this 750,000 people today. Damn, proud. https://t.co/HcFEHVAaRj",1.0,1,1.0,1.0,wm
wm_207,"Target: Women's March

#WomensMarch #womensmarchla #ShariaForAmerica #ShariaAtHome
Thank you @CarlyFiorina https://t.co/jOdZnvWpOj",0.0,0,1.0,0.0,wm
wm_208,"Target: Women's March

the #womensmarch is one of the most beautiful things I've ever seen",1.0,1,1.0,1.0,wm
wm_209,"Target: Women's March

The latest LiveLove&amp;Sex AmorAmor Providencia! https://t.co/xshhkzKa6P Thanks to @mikeliturriaga @de_puerto_montt @LFC #womensmarch #consejos",1.0,1,1.0,1.0,wm
wm_210,"Target: Women's March

#womensmarch lol feminists are so retarded https://t.co/MDzKilgaYv",0.0,0,0.0,0.0,wm
wm_212,"Target: Women's March

Amazing. Historic. More than words can express #WomensMarch https://t.co/13IKZqEpII",1.0,1,1.0,1.0,wm
wm_213,"Target: Women's March

@Dollfinish @realDonaldTrump @seanspicer @GenMattisKCHS16 @LaloDagach @womensmarch @lsarsour When are the public sharia beatings planned? https://t.co/hjEgXlifxF",0.0,0,0.0,0.0,wm
wm_215,"Target: Women's March

Same with the Remoaners.

""LOOK AT ME..I'M MORE TOLERANT AND ACCEPTING THAN YOU!""

Yeah,until you don't get your own way..

#WomensMarch",0.0,0,0.0,0.0,wm
wm_216,"Target: Women's March

Sadly, many women do not know the horrific mandates of Sharia Law. If they did, they would not support ANY cause led by th‚Ä¶",0.0,0,0.0,0.0,wm
wm_217,"Target: Women's March

Trump is President now. Sorry but you don't get attention anymore for irrelevant issues.

#WomensMarch https://t.co/2p‚Ä¶",0.0,0,0.0,0.0,wm
wm_218,"Target: Women's March

I feel proud to be a woman and today is no exception! #WomensMarch",1.0,1,1.0,1.0,wm
wm_219,"Target: Women's March

R U kidding me? https://t.co/0VivUnhzhg",0.0,1,0.0,0.0,wm
wm_220,"Target: Women's March

Funky16Corners: Marching Music - hour-long soul mix for the March on Washington - https://t.co/Kb4xgE1whJ #soul #WomensMarch https://t.co/L46c7ElGkE",1.0,1,1.0,1.0,wm
wm_221,"Target: Women's March

#WomensMarch is a God damn joke, I tweeted a lot about this today but their level of ignorance and stupidity is incredible. https://t.co/jMrxRnRt0R",0.0,0,0.0,0.0,wm
wm_222,"Target: Women's March

#WomensMarch Organizer Linda Sarsour Wants Sharia Law in America https://t.co/YyXBxvIm0z @truthfeednews #womensmarch",1.0,0,0.0,0.0,wm
wm_223,"Target: Women's March

@womensmarch If you refuse to allow PRO-LIFE women to walk in your march then you don't speak for women of America at all. (1/2)",0.0,0,0.0,0.0,wm
wm_224,"Target: Women's March

And a total waste. Not ONE voice among them for women and girls suffering under Sharia law, out of millions worldwide.

#WomensMarch https://t.co/bOj0lwYtXY",0.0,0,0.0,0.0,wm
wm_225,"Target: Women's March

I saw @latoiajones @MrMikeBlake and heard I missed @RepGraceMeng at the #womensmarch Proud compete for DNC Vice Chair with these leaders!",1.0,1,1.0,1.0,wm
wm_226,"Target: Women's March

@RealJamesWoods @womensmarch Liberals have always left their trash to be cleaned up by hard working conservatives.",0.0,0,0.0,0.0,wm
wm_227,"Target: Women's March

Fuck you your trash https://t.co/9Bcjw5S3Dz",0.0,0,0.0,0.0,wm
wm_228,"Target: Women's March

Record breaking day for women and your Fitbit numbers. #WomensMarch",1.0,0,1.0,1.0,wm
wm_229,"Target: Women's March

Very classy women here
Obviously very proud to be idiots https://t.co/5iWbmNnVdH",1.0,0,0.0,0.0,wm
wm_231,"Target: Women's March

Amazing resource to find the closest march to you! Don't miss out on this historic event! https://t.co/dob5tLiMIx",1.0,1,1.0,1.0,wm
wm_232,"Target: Women's March

Hillary, I know you're somewhere smiling right now.
#WomensMarch 
#StrongerTogether 
#nastywoman https://t.co/Wp3aJLprSw",1.0,1,1.0,1.0,wm
wm_233,"Target: Women's March

This is amazing. I'm getting super emotional over the #WomensMarch and I wish I was out there. üö∫üö∫ https://t.co/m3DAbA1YnQ",1.0,1,1.0,1.0,wm
wm_234,"Target: Women's March

@lotteverbeek1 @womensmarch that's how a protest should be. #todaywemarch",1.0,1,1.0,1.0,wm
wm_235,"Target: Women's March

I'm coming from Canada to march in the @womensmarch in solidarity with our American sisters and to show that our issues transc‚Ä¶",1.0,1,1.0,1.0,wm
wm_236,"Target: Women's March

Disgusting https://t.co/FMIeVKEf8g",0.0,0,0.0,0.0,wm
wm_237,"Target: Women's March

@CarrSnoop woman are so oppressed here they can do a #WomensMarch without fear of arrest unlike in other countries , Iraq, Iran etc....",0.0,1,0.0,0.0,wm
wm_239,"Target: Women's March

So whats whit all the horn caps and black panther fists???!?! #illuminati #WomensMarch controled by the elite,guided by hate https://t.co/5vdSnGNCFS",0.0,0,0.0,0.0,wm
wm_240,"Target: Women's March

Listening to calls to CSpan following the #WomensMarch - profound ignorance on the part of those who oppose the march. They are asking why? https://t.co/wohfIJZANe",0.0,1,0.0,1.0,wm
kav_50,"Target: Confirmation of Kavanaugh

Final witness in alleged Ford/Kavanaugh incident weighs in for Kavanaugh. So every single one of Ford‚Äôs supposed witnesses ‚Äî all of them, including her female friend/classmate ‚Äî conclusively refute her account. It doesn‚Äôt add up. https://t.co/Q9aCnDfPcB",0.0,1,0.0,1.0,kav
kav_51,"Target: Confirmation of Kavanaugh

Clinton calls for FBI to investigate Kavanaugh sexual assault allegations: It'd be easy to do https://t.co/AD6JjIFnBC https://t.co/G6hZxtbJ3C",1.0,0,0.0,0.0,kav
kav_52,"Target: Confirmation of Kavanaugh

I swear, this story gets crazier by the second. Now the GOP spokesman for the Kavanaugh nomination has resigned in disgrace after sexual assault allegations come to light. GOP ‚Äî party of sexual predators. ‚Å¶@GOP‚Å© https://t.co/Zi4EuWRibO",0.0,0,0.0,0.0,kav
kav_53,"Target: Confirmation of Kavanaugh

Dr. Ford has agreed to testify her first-hand knowledge to the Senate, but @GOPSenate and the @WhiteHouse are saying ""I don't know how to interpret this"". It's because it's in #English. Not in the form of a Trump word salad. https://t.co/zkF7J5YMG5",1.0,0,0.0,0.0,kav
kav_54,"Target: Confirmation of Kavanaugh

""Why isn't Kavanaugh asking for an FBI investigation if he's innocent?"" Maybe for the same reason I don't ask for a cavity search prior to leaving a store...I HAVEN'T DONE ANYTHING WRONG! #Kavanaugh #LiberalLogic",1.0,1,0.0,1.0,kav
kav_55,"Target: Confirmation of Kavanaugh

Please share No more delays @ChuckGrassley Must Confirm now #Kavanaugh Tucker Carlson Explains Why The Democrats Are Stalling The #Kavanaugh Confirmation https://t.co/JPP46UoHmD #BrettKavanaugh #TuckerCarlson #U.S.SupremeCourt via @BarracudaMama",0.0,1,0.0,1.0,kav
kav_56,"Target: Confirmation of Kavanaugh

KELLYANNE ASKS REPORTERS WHY THEY‚ÄôRE NOT COVERING DEATH THREATS AGAINST KAVANAUGH‚ÄôS WIFE, DAUGHTERS https://t.co/TOGpwEBK2B",0.0,1,0.0,1.0,kav
kav_57,"Target: Confirmation of Kavanaugh

Christine Blasey Ford is holding our country hostage! You don‚Äôt get to make life-ruining accusations and make unreasonable demands on top of it! #HoldTheVote @ChuckGrassley ! Enough of this circus! The poor Kavanaugh family has suffered enough! #SaturdayMorning",0.0,1,0.0,1.0,kav
kav_58,"Target: Confirmation of Kavanaugh

Unfortunately, the precedent for digging into private sexual behavior well before taking their current position was established by...Judge Kavanaugh in his role on Independent Counsel Kenneth Starr's team investigating President Bill Clinton. #Karma https://t.co/c8jPCpFjAL",0.0,0,0.0,0.0,kav
kav_59,"Target: Confirmation of Kavanaugh

Wanting to ""leave the country"" over a 36 year old allegation after KAVANAUGH had been a Judge on the 2nd most important Circuit Court already and she'd said nothing? Travelled 3,000 miles and went to Hawaii but hates planes? Sounds totally stable üíØ https://t.co/A0zewR0LLc",0.0,1,0.0,1.0,kav
kav_60,"Target: Confirmation of Kavanaugh

Lindsey Graham Brings Dems to Their KNEES With This Blistering Statement on Kavanaugh‚Äôs Accuser https://t.co/dfhM7f3XBq via @CarmineZozzora @phil200269 @LeahR77 https://t.co/2Nmij3ms5F",0.0,1,0.0,1.0,kav
kav_61,"Target: Confirmation of Kavanaugh

@essenviews @GovLarryHogan what are you afraid you will uncover if you start investigating Kavanaugh???? Are you part of the cover up? Shame!!!!",0.0,0,0.0,0.0,kav
kav_62,"Target: Confirmation of Kavanaugh

THE AMUSING THING: Kavanaugh will still be confirmed. Democrats just lessened any chance of taking the House in November by acting like partisan clowns. They have just awoken our sleepy base. And now we're pissed.",0.0,1,0.0,1.0,kav
kav_63,"Target: Confirmation of Kavanaugh

I'm more concerned about how Judge Kavanaugh's wife and daughters feel than how Christine Ford feels. She's feeling ""anxiety""? I would too if I was about to perjure myself in front of the whole planet.",0.0,1,0.0,1.0,kav
kav_64,"Target: Confirmation of Kavanaugh

Wow just wow Aide for GOP involved in Kavanaugh nomination resigns after past sexual harassment allegation surfaces https://t.co/xBynvXIzbW",0.0,0,0.0,0.0,kav
kav_65,"Target: Confirmation of Kavanaugh

""If a 17-year-old can be forced by the government to be responsible for carrying a pregnancy to term, surely an adult man can be expected to answer for the choices he is alleged to have made at 17."" https://t.co/xOnJFMMLnR",0.0,0,0.0,0.0,kav
kav_66,"Target: Confirmation of Kavanaugh

.@ChuckGrassley needs to recuse himself from this now. Especially since we know he's sending apology texts/DM's to his best pal, #Kavanaugh because he can't slant the process ENOUGH. #RecuseGrassley https://t.co/TWISxSbS6v",0.0,0,0.0,0.0,kav
kav_67,"Target: Confirmation of Kavanaugh

Kavanaugh took three years to be confirmed last time. Three years.",1.0,0,0.0,0.0,kav
kav_68,"Target: Confirmation of Kavanaugh

From CNN: lifelong friend of Dr Ford who she claimed was at the mythical party doesn't know Kavanaugh &amp; doesn't remember being at a party with him https://t.co/8myQTitA9w",1.0,1,0.0,1.0,kav
kav_69,"Target: Confirmation of Kavanaugh

This is an awesome thread. @WarfareNavel destroys the Op Kavanaugh disinformation fleet of conformation at all costs. Amazing job. https://t.co/LUVHzrTWzD",1.0,0,1.0,0.0,kav
kav_70,"Target: Confirmation of Kavanaugh

Conservatives need their voices heard regarding the Kavanaugh/Ford hearing Call Sen. GRASSLEY 202-224-3744 Leave message: No rule changes, DO NOT MOVE THE DEADLINE, it's Monday or Nothing. You, Senator are in charge, not Dr. Ford &amp; minions. Time to VOTE. Retweet",1.0,1,0.0,1.0,kav
kav_71,"Target: Confirmation of Kavanaugh

@Matthew____P @darthur111 @nhdjinn @davealvord164 @olystubbies44 @_weebutmighty @rcat20sk @sc_lorraine @mizdonna @salty_dawg69 @sportsmom9433 @RadGeekpartduex @kicksave24 @KingBroly @Torian_Girl @unseen1_unseen @blc3428 @SpicyNoodles2 @melanie_ward1 @NHMommy1 @305local @DrPainsInfo @ADikHurricane @is_contagious @BrandonHathaw12 @BluesBrother91 @NedFlan12345678 @stevenlp @MfknDrago @kjgillenwater @Madrogran @ByronFackenthal @jerryhoops33 @BigRfaze @UniverseatLarge @ja985601_cobb @SemperMAGA @jskielb3 @imbearpaul @TheRand2025 @julieinthemist @orangecone21 @IKantEvenToday @misterbadkat @Known__Unknowns @UrUnpaidPundit @PrissysTruth @ChadPergram @GretchenInOK @senorrinhatch They very simply can't. They don't have the votes since the 3 super Rinos are back to ""maybe"". Alternatives are 2 ... ride it out until it/she/they self destruct or pull nomination. We have to do the first or Kavanaugh is destroyed.",0.0,1,0.0,1.0,kav
kav_72,"Target: Confirmation of Kavanaugh

@lauriemacph @FoxNews @davidcicilline @ChuckGrassley @realDonaldTrump Frightening to see how a claim of assault can destroy someone. Witch hunt mentality. Trying to stop a conservative judge joining the Supreme court because of political reasons.",0.0,1,0.0,1.0,kav
kav_73,"Target: Confirmation of Kavanaugh

‚Å¶@AllenWest‚Å© ‚Å¶@FoxBusiness‚Å© ‚Å¶@seanhannity‚Å© ‚Å¶@SaraCarterDC‚Å© ‚Å¶@realDonaldTrump‚Å© ‚Å¶@TGowdySC‚Å© ‚Å¶@RepDeSantis‚Å© ‚Å¶@RepDevinNunes‚Å© ‚Å¶@marklevinshow‚Å© ‚Å¶@JudgeJeanine‚Å© ‚Å¶@TomFitton‚Å© ,Enough Of Ford Crap! https://t.co/RYGwDIuMUn",0.0,1,0.0,1.0,kav
kav_74,"Target: Confirmation of Kavanaugh

The women for Kavanaugh are mostly men. https://t.co/9i4aj3CUDv",1.0,0,0.0,0.0,kav
kav_75,"Target: Confirmation of Kavanaugh

Biden: Kavanaugh Accuser Should Not Get The Anita Hill Treatment (VIDEO) https://t.co/g0MyfxP0Kv",1.0,0,0.0,0.0,kav
kav_76,"Target: Confirmation of Kavanaugh

Ford is demanding Thursday to guarantee Kavanaugh cannot be seated Oct 1st. Disruption of the SCOTUS SEAT @ChuckGrassley @SenateMajLdr will result in anger against the @GOP like you have never seen before. Quit making a mockery of our judicial system. Enough #ThisisaSetUp #MeToo https://t.co/gYmwl7mtPS",0.0,1,0.0,1.0,kav
kav_77,"Target: Confirmation of Kavanaugh

Dozens of female colleagues, classmates &amp; friends of #Kavanaugh rallied in support of the #SupremeCourt nominee. Why hasn't anyone spoken up for #Ford ? Not 1 friend has come forward &amp; given a statement about her character. Seems kind of odd to me. https://t.co/uppVJQlr9K",1.0,1,0.0,1.0,kav
kav_78,"Target: Confirmation of Kavanaugh

@FoxNewsInsider @PeteHegseth @foxandfriends Ellison is an abuser if he's not removed why not approve Kavanaugh",0.0,1,0.0,1.0,kav
kav_79,"Target: Confirmation of Kavanaugh

Ms. Ford sent an anonymous letter. She scrubbed her social media. She refuses to go on the record. She demanded an FBI investigation. She demands to testify after Kavanaugh. She demands no questions from outside counsel. Why? Because she‚Äôs lying. #ConfirmKavanaugh",0.0,1,0.0,1.0,kav
kav_80,"Target: Confirmation of Kavanaugh

41!minutes until the Kavanaugh accuser‚Äôs attorney comes up with a bunch of new excuses as to why her client can‚Äôt possibly testify under oath before the Senate Judiciary Committee.",0.0,1,0.0,1.0,kav
kav_81,"Target: Confirmation of Kavanaugh

And, to be very clear, sexual assault is not a ‚Äúmistake.‚Äù It is a violent dehumanization that can upend a person‚Äôs entire sense of self. It is a crime, at any age, in any condition, at any level of premeditation or intent, whether ever officially reported or not. #Kavanaugh",0.0,0,0.0,0.0,kav
kav_82,"Target: Confirmation of Kavanaugh

Kavanaugh accuser Christine Blasey exposed for ties to Big Pharma abortion pill maker‚Ä¶ effort to derail Kavanaugh is plot to protect abortion industry profits ‚Äì https://t.co/fRhaVFVUDM https://t.co/utQEnVc7dO",0.0,1,0.0,1.0,kav
kav_83,"Target: Confirmation of Kavanaugh

Liberals and democrats hate Brett Kavanaugh because President Trump picked him! It‚Äôs always been only about President Trump! #ConfirmBrettKavanaugh",0.0,1,0.0,1.0,kav
kav_84,"Target: Confirmation of Kavanaugh

Kavanaugh Protesters Refuse To Denounce Alleged Domestic Abuser Congressman @keithellison .. #Kavanaugh #KeithEllison #MeToo The double standards are staggering.. @DailyCaller WATCH FULL VIDEO HERE: https://t.co/Sad84dc4i3 https://t.co/A6aGSZkKYw",0.0,1,0.0,1.0,kav
kav_85,"Target: Confirmation of Kavanaugh

Real Victims are the People that deserve Justice, if you‚Äôve ever been in a situation where you‚Äôve been violated, you remember EVERYTHING! Coming Out"" - Victim of Child Sexual Assault and Rape Wants Kavanaugh Accuser Held Accountable https://t.co/iF8MjfmoKk via @gatewaypundit",0.0,1,0.0,1.0,kav
kav_86,"Target: Confirmation of Kavanaugh

POWERFUL TESTIMONY of Sara Fagen and other women that stand behind Brett Kavanaugh. Calling him Honorable with High Integrity, Family man, great friend and boss! This is a Must Watch üëá #ConfirmBrettKavanaugh https://t.co/RVlITppI3m",1.0,1,1.0,1.0,kav
kav_87,"Target: Confirmation of Kavanaugh

Ford‚Äôs Classmate Takes Back Entire Accusation Against Kavanaugh, She Didn‚Äôt Think She‚Äôd Have to ‚ÄòDefend It‚Äô ‚ÄúTo all media, I will not be doing anymore interviews...I do not have first hand knowledge of the incident...Please don‚Äôt contact me further.‚Äù https://t.co/oVRbXL3udC",1.0,1,0.0,1.0,kav
kav_88,"Target: Confirmation of Kavanaugh

@tedlieu @GOP is in a 'no win' situation which they brought on themselves by bullying Dr. Ford, denying her right to have witnesses &amp; making preemptive stmts about voting him without hearing her testimony. Only way for this to be minimally salvaged is to withdraw Kavanaugh's nomination.",0.0,0,0.0,0.0,kav
kav_89,"Target: Confirmation of Kavanaugh

Just throwing this out there: Net Favorability as Supreme Court nominee: 1993 - Ruth Bader Ginsburg +46 2018 - Brett Kavanaugh -4 Can we just clone Ruth?",1.0,0,0.0,0.0,kav
kav_90,"Target: Confirmation of Kavanaugh

@RealPamelaAnne @AnnaApp91838450 @grizzlemeister @ChuckGrassley STOP wasting taxpayers money! Democrats had a responsibility to share this information the day @POTUS announced Judge Kavanaugh for replacement. Considering the salaries of everyone involved - a fortune has been wasted already. #ConfirmJudgeKavanaugh #ConfirmKavanaghNow",0.0,1,0.0,1.0,kav
kav_91,"Target: Confirmation of Kavanaugh

WATCH: Dem Senator Who Lied About Military Service Just Attacked Kavanaugh With Nasty New Claim https://t.co/7bwpCEz6x4 #Politics https://t.co/VpukQwEXQM",0.0,1,0.0,1.0,kav
kav_92,"Target: Confirmation of Kavanaugh

Judge Kavanaugh‚Äôs female colleagues &amp; friends: ‚ÄúWe are proud to stand with Brett‚Äù #ConfirmBrettKavanaughNow #IStandWithBrett https://t.co/FK0VXSQ5JQ",1.0,1,1.0,1.0,kav
kav_93,"Target: Confirmation of Kavanaugh

@BravenakBlog I sincerely want Kamala Harris to ask if #kavanaugh was aware the nickname for the Truth and Courage Club was ‚ÄúTit and Clit‚Äù and ask if he was a member. Also, is he aware of the club‚Äôs reputation for shouting, ‚ÄúNo means yes‚Äù and ‚Äúyes means anal‚Äù. #QuestionsForKavanaugh",0.0,0,0.0,0.0,kav
kav_94,"Target: Confirmation of Kavanaugh

#ChristineBlaseyFord IS NOT YOUR BIGGEST PROBLEM ANYMORE. It‚Äôs @EdWhelanEPPC and Kavanaugh and PR Firm and White House and @ChuckGrassley @SenateMajLdr https://t.co/mH0BgWEAV0",0.0,0,0.0,0.0,kav
kav_95,"Target: Confirmation of Kavanaugh

I missed this in all the #Kavanaugh news: Prospective female clerks were groomed to have a ""model-like"" appearance. https://t.co/8NqC2VZgBa",0.0,0,0.0,0.0,kav
kav_96,"Target: Confirmation of Kavanaugh

The next Supreme Court justice could preside over cases involving women's right to choose or women's health care access. We owe it, not only to Dr. Blasey Ford but to every woman in America, that the person we put in that chair is not an abuser of women. #StopKavanaugh",1.0,0,0.0,0.0,kav
kav_97,"Target: Confirmation of Kavanaugh

WATCH: Dem Senator Who Lied About Military Service Just Attacked Kavanaugh With Nasty New Claim https://t.co/slCdlEN7dq #It seems, the horrible Dems, who 'live in glass houses' - throw the most rocks - from the inside, with glass all around them!",0.0,1,0.0,1.0,kav
kav_98,"Target: Confirmation of Kavanaugh

Let's pause to appreciate what a complete idiot @ChuckGrassley is. By releasing the ""65 women say Kavanaugh is not a rapist"" letter within minutes of Farrow's story breaking, he proved beyond all doubt his committee sat on the allegation, and planned in advance to cover it up.",0.0,0,0.0,0.0,kav
kav_99,"Target: Confirmation of Kavanaugh

‚ÄúBrett Kavanaugh is a casualty of an anything-goes political resistance.‚Äù Democrats have sunken to the lowest place. https://t.co/DUxH1odnuv",0.0,1,0.0,1.0,kav
kav_100,"Target: Confirmation of Kavanaugh

‚Äò100 Kegs or Bust‚Äô: Kavanaugh friend, Mark Judge, has spent years writing about high school debauchery https://t.co/oS3frnWUpN https://t.co/1uHPUeFsKt",0.0,0,0.0,0.0,kav
kav_101,"Target: Confirmation of Kavanaugh

Do you think #ChristineBlaseyFord came forward 35 years later to help the #Democrats try to stop @realDonaldTrump's #SCOTUS pick #Kavanaugh from being confirmed?? Please vote and retweet to spread poll for wider sampling from both sides thanks! #Resist #MAGA #Trump #RESISTANCE",1.0,1,0.0,1.0,kav
kav_102,"Target: Confirmation of Kavanaugh

‚ÄúI said that Mommy had a story about a Supreme Court nominee, and now it‚Äôs broken into the news, and we can‚Äôt stay in the house anymore."" https://t.co/IpJpbwgVdl",0.0,0,0.0,0.0,kav
kav_103,"Target: Confirmation of Kavanaugh

GOP's plan for next week: fire Rosenstein to try to stop Mueller, while ramming thru an accused sexual attacker to Supreme Court. i've said this over and over folks, there's nothing written anywhere that guarantees the U.S. gets a happy ending.",0.0,0,0.0,0.0,kav
kav_104,"Target: Confirmation of Kavanaugh

Maybe if @realDonaldTrump nominates @HillaryClinton for Supreme Court we might actually get an investigation into her.",1.0,1,0.0,0.0,kav
kav_105,"Target: Confirmation of Kavanaugh

A new cloud over Kavanaugh: What did he know about a slimy smear campaign? https://t.co/Gki419dUHZ",0.0,0,0.0,1.0,kav
kav_106,"Target: Confirmation of Kavanaugh

I am still vexed why zero decent MSM reporter continue to ignore the obvious newsworthy story here @judicialnetwork purchased the kavanaugh domain in Feb 2017 a full 9 months BEFORE Trump added his name to the scotus list https://t.co/1AYL3yFTJs",0.0,0,0.0,0.0,kav
kav_107,"Target: Confirmation of Kavanaugh

Hey Democrats, I know you‚Äôre busy investigating Judge Kavanaugh‚Äôs high school misconduct, but when you get a minute, the vice chairman of YOUR party is accused of violently abusing a woman: https://t.co/nl7m2N0a8L",0.0,1,0.0,1.0,kav
kav_108,"Target: Confirmation of Kavanaugh

Congratulations, Brett Kavanaugh! You've just won yourself another investigation. You forgot the cardinal rule of Washington beltway politics: The cover up will always get you. https://t.co/WoFUQS61Xk",1.0,0,0.0,0.0,kav
kav_109,"Target: Confirmation of Kavanaugh

Conservative destroys latest Kavanaugh defense that shows the GOP is off the deep end: They have ‚Äòdescended into madness‚Äô https://t.co/UbhokgaSZO",0.0,0,0.0,0.0,kav
kav_110,"Target: Confirmation of Kavanaugh

For some Republicans, accusations of sexual assault and harrassment are not disqualifying. They voted for Trump despite multiple credible accusations. They supported Roy Moore. They continue to back Kavanaugh. Hillary was right. They are deplorable. #ImStillWithHer #AMJoy",0.0,0,0.0,0.0,kav
kav_111,"Target: Confirmation of Kavanaugh

Older black male DC cab driver was livid this morning about the ‚Äúhatchet job on Kavanaugh.‚Äù I kept quiet. But he warned me about the new ‚ÄúWar On Men‚Äù and how this was a political hit job. I report, you decide.",0.0,0,0.0,0.0,kav
kav_112,"Target: Confirmation of Kavanaugh

CNN Asked Five Women If They Believed Kavanaugh. CNN Didn't Like Their Answers https://t.co/g2CzxlTPa1",1.0,1,0.0,1.0,kav
kav_113,"Target: Confirmation of Kavanaugh

The sick, perverted Mitch McConnell: ""You‚Äôve watched the fight . But here‚Äôs what I want to tell you: In the very near future, Kavanaugh will be on the Supreme Court. Don‚Äôt get rattled by all of this. We‚Äôre gonna plow right thru it &amp; do our job"" DON'T GET RATTLED, IT'S JUST RAPE",0.0,0,0.0,0.0,kav
kav_114,"Target: Confirmation of Kavanaugh

Although the Senate Judiciary Committee won‚Äôt allow Dr. Ford to call any witnesses and the FBI won‚Äôt investigate her claims, she‚Äôll testify about her first-hand knowledge of Brett Kavanaugh's sexual misconduct next week. Dr. Ford has more balls than all GOP senators put together!",1.0,0,0.0,0.0,kav
kav_115,"Target: Confirmation of Kavanaugh

Tick tock. https://t.co/127iCilbKy",1.0,1,0.0,0.0,kav
kav_116,"Target: Confirmation of Kavanaugh

#Kavanaugh Repubs have moved fr he didn't do it, mistaken identity, rough play to ""so what, we're appointing him anyway."" Repubs have no morals, respect for women or the law. They support party, that's it. Well, we gotta vote'em out. If not, the country ""as we knew it,"" is over.",0.0,0,0.0,0.0,kav
kav_117,"Target: Confirmation of Kavanaugh

‚ÄòIt‚Äôs Not My Normal Approach‚Äô: Grassley Moves Back Deadline For Kavanaugh Accuser AGAIN https://t.co/73qipLXkEN",0.0,1,0.0,1.0,kav
kav_118,"Target: Confirmation of Kavanaugh

This is your Democrat party on steroids. The party of hate and obstruction. They hate America, they hate you and me. It‚Äôs time to #WalkAway Democrats float more Kavanaugh investigations, impeachment even if he is confirmed https://t.co/hR1XcHPlq9",0.0,1,0.0,1.0,kav
kav_119,"Target: Confirmation of Kavanaugh

George Soros, a rich old white man, is funding the lawyers attempting to derail the #Kavanaugh nomination. Collusion with the democrats!",0.0,1,0.0,1.0,kav
kav_120,"Target: Confirmation of Kavanaugh

Great thread outing the so called random panel of women on @CNN supporting Kavanaugh. Either @CNN is complicit or they need new producers! I‚Äôm leaning towards complicity. https://t.co/v8PP49qWzp",0.0,0,0.0,0.0,kav
kav_121,"Target: Confirmation of Kavanaugh

An unverified and salacious Dossier allowed the radical Left to spy on and attack Donald Trump. An unverified and salacious Letter allowed the radical Left to delay and attack Brett Kavanaugh. Anyone else see a pattern here? Wake up GOP!",0.0,1,0.0,1.0,kav
kav_122,"Target: Confirmation of Kavanaugh

Only 31% of the people want Rapist Kavanaugh on the SC! The republicans want him seated anyway, despite the overwhelming fact that we don‚Äôt want him. this proves that @realDonaldTrump @GOP @SenMajLdr @ChuckGrassley Don‚Äôt care what we want. vote them out for good! RETWEET!!!",0.0,0,0.0,0.0,kav
kav_123,"Target: Confirmation of Kavanaugh

Radical Leftists, especially Democrat politicians, don‚Äôt care whether or not Kavanaugh is innocent‚Äîthey want him destroyed purely for the sake of removing any possible threat to their ‚Äúright‚Äù to abortion, because they see the pro-life position as oppressive and patriarchal. 2/",0.0,1,0.0,1.0,kav
kav_124,"Target: Confirmation of Kavanaugh

Confirming Kavanaugh would make it even more likely that SCOTUS would gut laws like the Clean Air Act and the Clean Water Act, putting the health and safety of children, families, and our communities in danger. That‚Äôs #WhatsAtStake. #StopKavanaugh",0.0,0,0.0,0.0,kav
kav_125,"Target: Confirmation of Kavanaugh

Heres the current evidence in Ford v Kavanaugh: -Ford doesn't know when/where it happened -All 4 people she cites @ party have said they have 0 knowledge of event -Her friend at the party, a Democrat, says she doesn't even know Kavanaugh -Ford only told her therapist 30 yrs later",0.0,1,0.0,1.0,kav
kav_126,"Target: Confirmation of Kavanaugh

""On Friday, hours after Whelan called his decision to name &amp; post photographs of Kavanaugh‚Äôs high school classmate 'an appalling &amp; inexcusable mistake of judgment,' CRC [PR firm] helped organize a news conference featuring an array of women who dismissed Ford‚Äôs allegations."" wow https://t.co/2rPK5SLTD9",0.0,0,0.0,0.0,kav
kav_127,"Target: Confirmation of Kavanaugh

My latest op ed: ‚ÄúI was sexually assaulted as a teen. Here‚Äôs why I didn‚Äôt report.‚Äù It took me 30 years to tell anyone. And I‚Äôm far from alone. #MeToo #WhyIDidntReport https://t.co/UPP7l914Tb",0.0,0,0.0,0.0,kav
kav_128,"Target: Confirmation of Kavanaugh

If the Repubs agree to this political extortion by accuser Ford they deserve what‚Äôs going to happen to them‚Äîbut Kavanaugh and the @realDonaldTrump voters don‚Äôt.",0.0,1,0.0,1.0,kav
kav_129,"Target: Confirmation of Kavanaugh

@TioSantiagoG @EdWhelanEPPC @WhiteHouse @realDonaldTrump @SenateGOP @ChuckGrassley @GrassleyPress @senorrinhatch Kavanaugh either confessed or the Federalist Society found out about the sexual assault If the society had been honorable and cared about the integrity of the Supreme Court they would have disqualified him But the ‚Äúgood old boys club‚Äù plotted to deceive the American people",0.0,0,0.0,0.0,kav
kav_130,"Target: Confirmation of Kavanaugh

The Republicans' attack campaign on sexual assault victim Dr. Christine Blasey Ford was advanced by a man who was fired for sexual harassment. https://t.co/ZOiz0rTYMG",0.0,0,0.0,0.0,kav
kav_131,"Target: Confirmation of Kavanaugh

If Brett Kavanaugh‚Äôs confirmation is derailed, while Keith Ellison becomes the lead law enforcement officer in his state, the Republican base‚Äôs anger at the Hill Republicans for their ineptitude is going to be VOLCANIC. #Kavanaugh",0.0,1,0.0,1.0,kav
kav_132,"Target: Confirmation of Kavanaugh

@aroseblush Kavanaugh pal who tried to pin sexual assault on someone else is lying about White House connections https://t.co/bo9abD9CCj",0.0,0,0.0,0.0,kav
kav_133,"Target: Confirmation of Kavanaugh

BURDEN OF PROOF? Kavanaugh deserves a Supreme Court seat, and you need to prove beyond a reasonable doubt he doesn't. vs. No one deserves a Supreme Court seat, and you need to prove that elevating Kavanaugh is better for the country than alternative options.",1.0,0,0.0,0.0,kav
kav_134,"Target: Confirmation of Kavanaugh

Dianne Feinstein ambushed Brett Kavanaugh with a parent whose daughter was killed at Parkland and sat on an anonymous letter for an alleged sexual assault (in which we know is bullshitüôÑ) on Brett Kavanaugh. I'm sensing a pattern here.",0.0,1,0.0,1.0,kav
kav_135,"Target: Confirmation of Kavanaugh

Does anyone know why no one on the Judiciary Committee asked Kavanaugh about who paid off his debt?",0.0,0,0.0,0.0,kav
kav_136,"Target: Confirmation of Kavanaugh

Spokesman for GOP on Kavanaugh nomination resigns; has been accused of harassment in the past https://t.co/B4VIB6a2VK",0.0,0,0.0,0.0,kav
kav_137,"Target: Confirmation of Kavanaugh

#ConfirmKavanaugh they need to stop playing games this is a great man he will make a great Supreme Court judge. R/T 4 a High vote outcome @realDonaldTrump @seanhannity @Robfortrump2020",1.0,1,1.0,1.0,kav
kav_138,"Target: Confirmation of Kavanaugh

@MikeDelMoro @LincolnsBible Kavanaugh told Whelan, because of course Kavanaugh knew who the anonymous accuser was, because Kavanaugh was there that night.",0.0,0,0.0,0.0,kav
kav_139,"Target: Confirmation of Kavanaugh

Kavanaugh ally did online searches for Christine Blasey Ford before she was revealed as accuser: report https://t.co/WRUSl5Yks9 #SmartNews",1.0,0,0.0,0.0,kav
kav_140,"Target: Confirmation of Kavanaugh

so help me understand this Supreme Court thing: it was OK to keep Scalia's seat open for over 400 days because fuck you, that's why, and right now it's imperative that we rush into a vote on Blackout Brett as soon as possible because fuck you, that's why, do I have that right",0.0,0,0.0,0.0,kav
kav_141,"Target: Confirmation of Kavanaugh

KAVANAUGH WILL STILL BE CONFIRMED - Democrats just lessened any chance of taking the House in November by acting like partisan clowns. They have just awoken the sleeping base voters. And now Republicans are pissed.",0.0,1,0.0,1.0,kav
kav_142,"Target: Confirmation of Kavanaugh

#Kavanaugh whataboutism: Rightwing media (Fox, Breitbart, etc.) have been after me all week for saying BELIEVE WOMEN and that Dems are better for women. They think if they repeat ""Bill Clinton"" and ""Keith Ellison"" it mitigates the GOP's horrendous record on women. It doesn't.",0.0,0,0.0,0.0,kav
kav_143,"Target: Confirmation of Kavanaugh

This is really, really, really true. Future historians (if we survive) will look at video clips and wonder how anyone could possibly have missed the flaming tells of guilt from Trump, Kavanaugh, and co. It will be like watching people host a make-believe tea party in a fire. https://t.co/VtLQcsyRzN",1.0,0,0.0,0.0,kav
kav_144,"Target: Confirmation of Kavanaugh

Ed Whelan reportedly began researching Brett Kavanaugh accuser Christine Blasey Ford even before her name was published https://t.co/Y8Lq71FAXW",1.0,0,0.0,0.0,kav
kav_145,"Target: Confirmation of Kavanaugh

Judge Kavanaugh is a man of integrity, with impeccable credentials &amp; a proven judicial philosophy. I believe Judge Brett Kavanaugh will soon be JUSTICE Brett Kavanaugh &amp; take his seat on the Supreme Court of the United States. #VVS18 https://t.co/LfJtonQynm",1.0,1,1.0,1.0,kav
kav_146,"Target: Confirmation of Kavanaugh

@BuzzPatterson @birdie1162 The two men and one woman Dr. Ford placed at the party denied anything ever happened. The woman, a lifelong friend of hers not only says it never happened but she has never even met Kavanaugh.",0.0,1,0.0,1.0,kav
kav_147,"Target: Confirmation of Kavanaugh

Only 31% of Americans believe that Brett Kavanaugh should be confirmed to the SCOTUS. Next week we find out if the U.S. Senate really represents their constituents or if they actually represent Donald Trump. WE THE PEOPLE DEMAND REPRESENTATION!",0.0,0,0.0,0.0,kav
kav_148,"Target: Confirmation of Kavanaugh

Kate Shaw, a former Obama WH lawyer, thinks we should upend the justice system because of her feelings. NYT: Kavanaugh Has No Right to Presumption of Innocence, ‚ÄòPolitics‚Äô Should Decide His Guilt Instead https://t.co/DJi0RhLMND",0.0,1,0.0,1.0,kav
kav_149,"Target: Confirmation of Kavanaugh

Brett Kavanaugh graduated HS same year as me ..are we seriously gonna litigate the behavior of our 17 year old selves now? WTF have we come to? Let‚Äôs do that to every Democratic Congressional Member starting today. #KavanaughConfirmation @BarbaraRedgate @mflynnJR",0.0,1,0.0,1.0,kav
kav_150,"Target: Confirmation of Kavanaugh

Any chance reporters looking into who might be behind the Ed Whelan fiasco might also be interested in the resistance ties of those assisting Dr. Ford? https://t.co/tI8ppP1sqS",0.0,1,0.0,1.0,kav
kav_151,"Target: Confirmation of Kavanaugh

Dr. Ford will testify that there were 4 people at the party where Kavanaugh allegedly assaulted her. All 4 have released statements. Not a single person supports Ford‚Äôs story. ‚ùå Mark Judge ‚ùå Patrick J. Smyth ‚ùå Leland Ingham Keyser(Ford‚Äôs lifelong friend) ‚ùå Brett Kavanaugh",0.0,1,0.0,1.0,kav
kav_152,"Target: Confirmation of Kavanaugh

Michael Avenatti tweets that Kavanaugh accuser ‚Äòis not alone‚Äô -- and warns accused accomplice Mark Judge https://t.co/06ohYuxRYE via rawstory",0.0,0,0.0,0.0,kav
kav_153,"Target: Confirmation of Kavanaugh

Ari, why do they need outside counsel? Direct me to a time where one was hired by either party to cross-exam a witness before the Senate judiciary, publicly. It‚Äôs b/c they want a seasoned pro to obfuscate &amp; deflect Dr. Ford‚Äôs credible testimony. Kavanaugh was a horrible choice. https://t.co/Z2ZEBdroxf",0.0,0,0.0,0.0,kav
kav_154,"Target: Confirmation of Kavanaugh

@DanEggenWPost #Kavanaugh drank more water at his hearing than any person would normally drink, it was bizarre. Is he an alcoholic and was dehydrated that day?",0.0,0,0.0,0.0,kav
kav_155,"Target: Confirmation of Kavanaugh

.@SenateGOP @ChuckGrassley Enough with the Dr. Ford stall tactics, it's looking more and more like an attempt to push Kavanaugh's confirmation past the midterms. nothing more, if true, she's had 36 years to get her story straight. Stop the insanity. #ConfirmKavanaughNow",0.0,1,0.0,1.0,kav
kav_156,"Target: Confirmation of Kavanaugh

Republican Congressman Kevin Cramer, the U.S. senate nominee in North Dakota called the Kavanaugh accusation ""absurd"" today because they were drunk and assault attempt ""never went anywhere."" @CNNPolitics https://t.co/jc48DOKb6w",0.0,0,0.0,0.0,kav
kav_157,"Target: Confirmation of Kavanaugh

New witness. ""Ms. Keyser does not know Mr. Kavanaugh and she has no recollection of ever being at a party or gathering where he was present, with, or without, Dr. Ford."" The lawyer acknowledged to CNN that Keyser is a lifelong friend of Ford's. https://t.co/dvgq21sc6h",1.0,1,0.0,1.0,kav
kav_158,"Target: Confirmation of Kavanaugh

The Brett Kavanaugh case shows we still blame women for the sins of men | Rebecca Solnit https://t.co/ZlLHSkyF0h",0.0,0,0.0,0.0,kav
kav_159,"Target: Confirmation of Kavanaugh

Judge Kavanaugh‚Äôs female colleagues &amp; friends: ‚ÄúWe are proud to stand with Brett‚Äù https://t.co/YaxjmA3GA9 https://t.co/I3L8lV9SWE",1.0,1,1.0,1.0,kav
kav_160,"Target: Confirmation of Kavanaugh

Dr. Fraud's story is that that there were 4 people at the party where Kavanaugh allegedly assaulted her. 1) Brett Kavanaugh 2) Mark Judge 3) Patrick J. Smyth 4) Leland Ingham Keyser ALL 4 have now denied there was any such party. Meanwhile, Dr. Fraud is $400k richer.",0.0,1,0.0,1.0,kav
kav_161,"Target: Confirmation of Kavanaugh

@ChuckGrassley @ETrumpgirl With all due respect Senator Grassley but your committee has given Dr. Ford plenty of time to testify and tell her side of this alleged accusation and now you need to take action and vote on the confirmation of Brett Kavanaugh to the Supreme Court.",1.0,1,0.0,1.0,kav
kav_162,"Target: Confirmation of Kavanaugh

@LauraAJarrett @scottwongDC that's because #Kavanaugh is in deep with Russian money as well and they will be dropping that bomb on Wednesday! it's what I'm hearing",0.0,0,0.0,0.0,kav
kav_163,"Target: Confirmation of Kavanaugh

Republicans‚Äô relentless, ruthless revictimizing must stop. Bullying deadlines must cease. This intimidation must be halted by Republicans speaking out. https://t.co/eReYpWTc7t",0.0,0,0.0,0.0,kav
kav_164,"Target: Confirmation of Kavanaugh

Now democrats are pledging to impeach Kavanaugh as soon as they win majority in the House, can you believe what‚Äôs happening to our country? So who ever they disagree with, Dems will move to impeach them. First the President then Kavanaugh. Who‚Äôs next. 2 term limits, end lobbyists",0.0,1,0.0,1.0,kav
kav_165,"Target: Confirmation of Kavanaugh

Kavanaugh held her mouth to silence her. Now Trump, McConnell, Grassley and the gop are holding her mouth again. And the godless spoon fed gop sheep support it... offering up their daughters to be the next to be sexually assaulted, raped...",0.0,0,0.0,0.0,kav
kav_166,"Target: Confirmation of Kavanaugh

McConnell just now on Kavanaugh: ""you‚Äôve watched the fight, you‚Äôve watched the tactics. But here is what I want to tell you, in the very near future Judge Kavanaugh will be on the United States' Supreme Court.""",1.0,1,0.0,1.0,kav
kav_167,"Target: Confirmation of Kavanaugh

It‚Äôs time... To confirm Kavanaugh. No more waiting, now matter how many misguided Dem leaders scream ‚Äúbullying‚Äù. They had three months. THREE MONTHS. CONFIRM KAVANAUGH. Who else agrees?",0.0,1,0.0,1.0,kav
kav_168,"Target: Confirmation of Kavanaugh

""I want to hear her. I hope u understand."" https://t.co/nzE6OOB18D",1.0,0,1.0,0.0,kav
kav_169,"Target: Confirmation of Kavanaugh

@elidet @ChuckGrassley No, what you want is another Liberal that doesn't give a damn about the Constitution...You're not getting it. Trump will end up choosing two more Supreme Court Justices. Setting your wet dream of Socialism back decades.üòÅüòÅ",0.0,1,0.0,1.0,kav
kav_170,"Target: Confirmation of Kavanaugh

Every time for the next 40 years when Brett Kavanaugh makes a ruling on the Supreme Court, think about how the Democrats tried to screw up his life with lies and deceit.",0.0,1,0.0,1.0,kav
kav_171,"Target: Confirmation of Kavanaugh

Kavanaugh On Sexual Assault Allegations: ‚ÄòI Miss High School‚Äô https://t.co/HUZGnHNn8m https://t.co/wAPGlQIcjB",1.0,0,0.0,0.0,kav
kav_172,"Target: Confirmation of Kavanaugh

Senator Collins stop supporting the Evil Traitor in the WH! Vote no on Kavanaugh! https://t.co/b8lq4R9aRP",0.0,0,0.0,0.0,kav
kav_173,"Target: Confirmation of Kavanaugh

Dear GOP The media &amp; Dems will call you sexist, racist, bigoted sexual predators who hate women That ship has sailed no matter what you do. Ellison proves it's partisan The only question is whether that happens WITH or WITHOUT Judge Kavanaugh on SCOTUS #ConfirmKavanaughMonday",0.0,1,0.0,1.0,kav
kav_174,"Target: Confirmation of Kavanaugh

This is all absurd. Brett Kavanaugh should just withdraw already.",0.0,0,0.0,0.0,kav
kav_175,"Target: Confirmation of Kavanaugh

(VIDEO) Tucker: If Dems Delay Kavanaugh Vote Another Week His Confirmation Is Over Per Senate Rules Make no mistake about it. Dems are using the Christine Ford media fiasco not to get to the truth, but to prevent Trump from placing a justice on the SCOTUS https://t.co/QLYopIhy97",0.0,1,0.0,1.0,kav
kav_176,"Target: Confirmation of Kavanaugh

Feinstein Blames Media For Outing Kavanaugh‚Äôs Accuser. Republicans: There‚Äôs Just One Problem. https://t.co/V8EwTWFw7w",0.0,1,0.0,1.0,kav
kav_177,"Target: Confirmation of Kavanaugh

The Kavanaugh controversy meets fake news. Real fake news. üëâüèºKey question is how complicit in the creation of Ed Whelan‚Äôs false narrative are Kavanaugh, Hatch, Leonard Leo &amp; the Federalist Society? @FBI America needs to know. https://t.co/0Nqt0CekvC",0.0,0,0.0,0.0,kav
kav_178,"Target: Confirmation of Kavanaugh

The fourth person Christine claimed was at the party says she has no idea what Christine is talking about. What party? And she doesn‚Äôt know Kavanaugh. Let me be the first to say it. Mental case.",0.0,1,0.0,1.0,kav
kav_179,"Target: Confirmation of Kavanaugh

@PattyMurray Dear Senator Murray - your tweets are so biased. You make it sound as if you somehow know that Judge Kavanaugh is guilty of sexually assaulting Dr. Ford. What happened to ""presumption of innocence""?",0.0,1,0.0,1.0,kav
kav_180,"Target: Confirmation of Kavanaugh

@AriFleischer @awstar11 I‚Äôm quite sure every Senator has already made up their mind. In fact I‚Äôm willing to bet the Democrats made their minds up the minute the name ‚ÄúKavanaugh ‚Äúleft Trump‚Äôs mouth.",1.0,1,0.0,1.0,kav
kav_181,"Target: Confirmation of Kavanaugh

* Amen~1,000 times over! PUBS must take a STAND for integrity &amp; goodness! Da Dems are proving they have little RIGHT in them! As time goes forth, there is a battle~DARKNESS vs. #LIGHT! Vote asap! #Kavanaugh is as righteous as a man can be in this day &amp; time! #Time2Stand! #CoachK https://t.co/GNttVTwvAy",1.0,1,1.0,1.0,kav
kav_182,"Target: Confirmation of Kavanaugh

‚ÄúHer mind-set was, ‚ÄòI‚Äôve got this terrible secret. .‚Äâ.‚Äâ.What am I going to do with this secret?‚Äô ‚Äù her husband, Russell Ford, recalled. She even researched moving to another country, he said. https://t.co/ykWzgrJ4DY",0.0,0,0.0,0.0,kav
kav_183,"Target: Confirmation of Kavanaugh

Elite men like Brett Kavanaugh and Donald Trump get off with a slap on the wrist, while young drug dealers and car thieves sit in jail ‚Äî and the system needs to change, writes Matt Yglesias. https://t.co/C6eczhXE3D",0.0,0,0.0,0.0,kav
kav_184,"Target: Confirmation of Kavanaugh

I dont think anyone could have predicted that a supreme court nominee was gonna get accused of attempted rape and the defense was gonna be all white people look the same",0.0,0,0.0,0.0,kav
kav_185,"Target: Confirmation of Kavanaugh

Let‚Äôs see if @SenatorCollins, Vichy Republican extraordinaire, speaks up about 1) Grassley‚Äôs bullying of Ford; 2) Mitch McConnell‚Äôs claim, also today, that the Kavanaugh votes, hers therefore included, are in the bag.",0.0,0,0.0,0.0,kav
kav_186,"Target: Confirmation of Kavanaugh

The longer they wait for Ford, the more demanded from what was to be hearing. Now they‚Äôre asking for the equivalent of a trial. Yet no rules of the court are to be in play. It‚Äôs becoming more polarized. As a woman I sympathize but still don‚Äôt believe her. https://t.co/CouZGp6CHS",0.0,1,0.0,1.0,kav
kav_187,"Target: Confirmation of Kavanaugh

Dershowitz, Civil liberties have 2 b complied w,...we don‚Äôt hear from @ACLU...accuser‚Äôs lawyer says accused goes 1st-a fundamental denial of due process. That‚Äôs not Anglo-American system of justice. https://t.co/HBHJlsn4UT",0.0,1,0.0,1.0,kav
kav_188,"Target: Confirmation of Kavanaugh

btw, today‚Äôs NYT runs the Rosenstein piece huge on page one (much to WH‚Äôs delight), while NYT carries zero stories abt insane, failed GOP plot to suggest Kavanaugh attack was mistaken indenture‚ÄîNYT doesn‚Äôt see that as news",0.0,0,0.0,0.0,kav
kav_189,"Target: Confirmation of Kavanaugh

Kavanaugh must be guilty. Same with those UVA monsters. https://t.co/d5hmcmROpT",0.0,0,0.0,0.0,kav
kav_190,"Target: Confirmation of Kavanaugh

Stop üõë this none sense NOW she is never going to show up to testify it‚Äôs all a shame to make Republicans look stupid and to Smear Judge üë®‚Äç‚öñÔ∏è Kavanaugh good name which she has already managed to accomplish! Grow some BALLS üèÄ VOTE üó≥ Already! https://t.co/Xv4tbfx3jz",0.0,1,0.0,1.0,kav
kav_191,"Target: Confirmation of Kavanaugh

A thought: the Kavanaugh mess has structural roots. Rs needed someone who was both ideologically reliable and at no risk of developing a conscience when it came to defending Trump against rule of law. So it had to be a bad person, which meant good odds of nasty stuff surfacing",0.0,0,0.0,0.0,kav
kav_192,"Target: Confirmation of Kavanaugh

this is idiotic. it's not a criminal trial. the obligation is on him to convince senators he should get a lifetime appointment. I swear Graham has dropped 50 IQ pts since McCain passed away https://t.co/9GaA3aIagP",0.0,0,0.0,0.0,kav
kav_193,"Target: Confirmation of Kavanaugh

@costareports I support the Sen Judiciary Committee proceeding as Sen Grassley advised the entire country! If Dr Christine Blasey Ford didn't accept the offer extended 2 her by 2:30 PM Saturday, the Committee would be Voting on Judge Kavanaugh on Monday! This is our Gov not""Let's Make A Deal""!",1.0,1,0.0,1.0,kav
kav_194,"Target: Confirmation of Kavanaugh

So just today a GOP spokesman for Kavanaugh resigned due to sexual harassment &amp; a Trump official accused of drugging the stripper he got pregnant with a abortion pill killing the fetus. The question isn‚Äôt why women are abandoning be GOP but what will it take for men to join.",0.0,0,0.0,0.0,kav
kav_195,"Target: Confirmation of Kavanaugh

What‚Äôs This All About? DELAY, DELAY, DELAY SMEAR, SMEAR, SMEAR üõë Put A STOP To It Now üõë END THE SHAM, HOLD THE VOTE https://t.co/EC33M0YGy8",0.0,1,0.0,1.0,kav
kav_196,"Target: Confirmation of Kavanaugh

I wonder if Ford is stalling under direction of the Dems and her lawyer to allow MSM and Dems to continue to destory the character of Kavanaugh. To the ignorant,who have already made a decision before even hearing a case.Crying Chuck comes to mindü§î Vote! https://t.co/5iodAX7rpT",0.0,1,0.0,1.0,kav
kav_197,"Target: Confirmation of Kavanaugh

@LegalRealist @Trumpist6 @redsteeze You just completely skipped the past where she said she doesn't know Kavanaugh.",0.0,1,0.0,0.0,kav
kav_198,"Target: Confirmation of Kavanaugh

There's a deeply-flawed statistic that weighs down the Kavanaugh debate -- that only 2 to 10 percent of rape claims are ""false."" Thus, the existence of the claim becomes evidence of the claim. But those stats are fundamentally flawed. Here's how: https://t.co/sAbCcW4M0w",0.0,1,0.0,1.0,kav
kav_199,"Target: Confirmation of Kavanaugh

ÂæóÈÅìÂ§öÂä© Female Supporters of Judge Kavanaugh Hold #IStandWithBrett Press Conference https://t.co/KXih5EIvCv via @YouTube",1.0,1,1.0,1.0,kav
kav_200,"Target: Confirmation of Kavanaugh

This pathetic president is now attacking Dr. Ford personally. And McConnell said Kavanaugh will get confirmed no matter what. The only language these toads understand is power. So let‚Äôs use the power of our votes to strip them of their power in November. It is the only way.",0.0,0,0.0,0.0,kav
kav_201,"Target: Confirmation of Kavanaugh

üòµ¬†Mouth Wide Open. Totally Speechless. I have been pushing for this for the past 8 days. üí™üèº Maryland police chief ‚Äòprepared to investigate‚Äô Brett Kavanaugh‚Äôs alleged sexual assault üí™üèº https://t.co/k3G03XViIj",1.0,0,0.0,0.0,kav
kav_202,"Target: Confirmation of Kavanaugh

What is wrong with Senate Rep leadership? Can't they do their job or do they like being played by Democrats? If Chuck Grassley can't fo his job let someone else do it. If Reps can't confirm Kavanaugh because of this false allegation, the midterm is going to look bad for them.",0.0,1,0.0,1.0,kav
kav_203,"Target: Confirmation of Kavanaugh

@AdamParkhomenko Is it normal for a website to confirm a Supreme Court judge be created over a year before a Supreme Court judge retires? https://t.co/yN7qIzYs4E",1.0,0,0.0,0.0,kav
kav_204,"Target: Confirmation of Kavanaugh

Keeping track: Everyone named has denied knowing of any party where Ford‚Äôs claim took place and Keyser says she never even knew Kavanaugh. https://t.co/UodpdoMNiy",0.0,1,0.0,1.0,kav
kav_205,"Target: Confirmation of Kavanaugh

@RockyShorz @AltNatSecAgency Seriously, Rocky, don't be a dumbass. Kavanaugh was drunk off his ass when he assaulted Ford in Maryland. He wasn't in Europe when he was attending Georgetown Prep. Now stop being a tool and support an FBI investigation if you want irrefutable proof that Ford is wrong.",0.0,0,0.0,0.0,kav
kav_206,"Target: Confirmation of Kavanaugh

If there are no consequences for Keith Ellison, then doggone, Judge #BrettKavanaugh should be nominated to the US Supreme Court. https://t.co/4P45KPLIAB #KeithEllisonAbuseAllegation #tcot",1.0,1,0.0,1.0,kav
kav_207,"Target: Confirmation of Kavanaugh

@DanEggenWPost @jonfavs Well Sir, imagine how frustrated we all are thinking that he may be on the Supreme Court. At best he‚Äôs probably a liar. At worst, who knows. Not worthy of the position",0.0,0,0.0,0.0,kav
kav_208,"Target: Confirmation of Kavanaugh

There could be any number of legit ways to come into some money. The fact that Kavanaugh hasn‚Äôt offered up any explanation is disturbing https://t.co/rquohtr4Pp",0.0,0,0.0,0.0,kav
kav_209,"Target: Confirmation of Kavanaugh

I was sexually assaulted in the mid-80‚Äôs at the home of one of Kavanaugh‚Äôs schoolmates. The host of that party added his name to this letter to the Judiciary Committee attesting to Kavanaugh‚Äôs character. https://t.co/l2RNGr8KOj 3/ #metoo @LindseyGrahamSC @SenatorDurbin",0.0,0,0.0,0.0,kav
kav_210,"Target: Confirmation of Kavanaugh

If Brett Kavanaugh has a calendar showing his whereabouts in 1982, that means he also has all the receipts from when he was treasurer of the 100 Keg Club.",1.0,0,0.0,0.0,kav
kav_211,"Target: Confirmation of Kavanaugh

Dr. Ford's lawyer now says the party happened 30 years ago? Ford is 51, which would mean, according to her lawyer's new statement, that the party happened when she was 21 ‚Äî which is not high school. This comment from the lawyer is sloppy at best: https://t.co/w34yXXwsfy https://t.co/tXU0GBY8Y2",0.0,1,0.0,1.0,kav
kav_212,"Target: Confirmation of Kavanaugh

@_juliannemoore Disgusting Ever hear of Presumption of innocence? Do u have any sons? The burden of proof is not on kavanaugh! She can‚Äôt even remember when or where this supposed action ‚Äúthat could have escalated to sexual assault happened.‚ÄùüòÄWhat exactly is the crime here? Sad political ploy",0.0,1,0.0,1.0,kav
kav_213,"Target: Confirmation of Kavanaugh

Bob Corker just said he is impressed with Kavanaugh &amp; can‚Äôt imagine ‚Äúthe horror of being accused of something like this.‚Äù Hey @SenBobCorker what about the horror of being sexually assaulted then finding out your perpetrator may sit on the Supreme Court &amp; violate even more women?",0.0,0,0.0,0.0,kav
kav_214,"Target: Confirmation of Kavanaugh

.@FifthHarmony alum @LaurenJauregui calls Donald Trump and Brett Kavanaugh ""sexual predators with power"" https://t.co/IyxoM39MGS https://t.co/qZmGqK27pw",0.0,0,0.0,0.0,kav
kav_215,"Target: Confirmation of Kavanaugh

a guy not fit to be president nominated a guy thats not fit to be a supreme court justice that needs the approval of a bunch of people not fit to be senators. if this isnt a complete breakdown of all three branches of government i dont know what is.",0.0,0,0.0,0.0,kav
kav_216,"Target: Confirmation of Kavanaugh

Ben is right but everything we know about BK screams ambition. He's shaded and evaded because he can see what he wants within grasp. He spends 8,9, 10 hours getting grilled on how to tell the truth. He won't quit; he is a prisoner of his own ego https://t.co/uRjqpmNS8e",0.0,0,0.0,0.0,kav
kav_217,"Target: Confirmation of Kavanaugh

As I read the horrible stories of women courageously sharing their painful experiences of sexual assault as young girls, I am increasingly convinced Grassley, Kavanaugh &amp; the GOP Judiciary have no idea of the power and anger they are unleashing.",0.0,0,0.0,0.0,kav
kav_218,"Target: Confirmation of Kavanaugh

Every teenage girl has been treated like prey, whether by some handsy boy at a party, misogynistic classmates on Instagram or an inappropriate science teacher who stares at her chest in class. https://t.co/WxVDE4UCnH",0.0,0,0.0,0.0,kav
kav_219,"Target: Confirmation of Kavanaugh

@avec_empathie @AriFleischer The witness won‚Äôt testify, he says it didn‚Äôt happen but won‚Äôt swear to it. He wrote a book @ the drunken party high school days where him &amp; his friends believed ‚Äúno means yes &amp; yes means anal‚Äù. Kavanaugh has been working every day to come up with a defense, why if he is innocent.",0.0,0,0.0,0.0,kav
kav_220,"Target: Confirmation of Kavanaugh

‚ÄúThere is no sex-linked gene for honesty! Women lie as well as men do. #Kavanaugh testify first? That‚Äôs what the Inquisition did! We can‚Äôt have one process for Republicans, one for Democrats! &amp; how about @keithellison?!‚Äù @AlanDersh @HeyTammyBruce @seanhannity #KavanaughAccuser https://t.co/koEkd8BZQV",0.0,1,0.0,1.0,kav
kav_221,"Target: Confirmation of Kavanaugh

Mark Judge‚Äôs own family says they fear him. https://t.co/zZt3DIL0uj",0.0,0,0.0,0.0,kav
kav_222,"Target: Confirmation of Kavanaugh

@AP_Politics That's not agreeing to terms @ChuckGrassley @GrassleyPress!!! Call the vote!! Make sure it's being recorded because Judge #Kavanaugh's legal team will need it for the defamation lawsuit he brings against Ford, Feinstein, Gillibrand, and the rest of the @DNC bashers.",0.0,1,0.0,1.0,kav
kav_223,"Target: Confirmation of Kavanaugh

The Republican party has now backed and supported an accused sexual predator for: ‚Äî The White House ‚Äî The Supreme Court ‚Äî The Senate And sadly they aren‚Äôt going to stop unless there are consequences for their behavior. November 6th is their consequence. #VoteThemOut üó≥",0.0,0,0.0,0.0,kav
kav_224,"Target: Confirmation of Kavanaugh

During an interview with @maddow, @hillaryclinton said the White House could act very quickly to the request to have the FBI reopen their Kavanaugh review: ‚ÄúSo far, they haven‚Äôt done that.‚Äù LMAO üòÇ Let‚Äôs reopen your case that @FBI screwed up https://t.co/Edb7BiIaFH",1.0,1,0.0,1.0,kav
kav_225,"Target: Confirmation of Kavanaugh

#ConfirmKavanaugh #ConfirmBrettKavanaugh #Kavanaugh #Trump #MAGA2018 #MAGA #KAG we are going to confirm Brett Kavanaugh or vote in new senators #elections2018 #ElectionDay",1.0,1,1.0,1.0,kav
kav_226,"Target: Confirmation of Kavanaugh

PR firm helped Whelan stoke half-baked Kavanaugh alibi https://t.co/7N6DKl4I7I via @politico",0.0,0,0.0,0.0,kav
kav_227,"Target: Confirmation of Kavanaugh

Nearly 50 Yale Law faculty members call for FBI to probe sexual assault accusation against Kavanaugh https://t.co/kZNOlPQZay https://t.co/hOJXnndilN",1.0,0,0.0,0.0,kav
kav_228,"Target: Confirmation of Kavanaugh

@senorrinhatch KAVANAUGH COULD BE CONFIRMED TODAY IF GOP RELEASE NAMES OF DEMOCRATS WHO USED THE SEX HUSH FUND!",0.0,1,0.0,1.0,kav
kav_229,"Target: Confirmation of Kavanaugh

Not only is Brett Kavanaugh's support at an unprecedented low, it appears to be dropping over time, the longer they consider him. https://t.co/hnkcsicCcQ",0.0,0,0.0,0.0,kav
kav_230,"Target: Confirmation of Kavanaugh

It is disgusting that Democrats deflect away from the evidence of Ellison's domestic violence while accusing Kavanaugh without credible proof. #WalkAwayFromDemocrats #VoteDemsOut #VoteRed2018 https://t.co/KjaOCEf8tI",0.0,1,0.0,1.0,kav
kav_231,"Target: Confirmation of Kavanaugh

Ford &amp; her partisan hack of an attorney have missed yet another deadline, making yet more demands. How much time does it take to tell the truth? Enough is enough. Ford does not need another day to consider! The time has come! Confirm Kavanaugh! https://t.co/vNoIy60ZQX",0.0,1,0.0,1.0,kav
kav_232,"Target: Confirmation of Kavanaugh

Weekly Update: Americans should brook no further delay of a full Senate vote on Judge Kavanaugh‚Äôs confirmation to SCOTUS. Their new gambit is delaying the nomination past the elections. The Senate should shut this circus down &amp; move the confirmation along. https://t.co/LXwf7TtBfb",0.0,1,0.0,1.0,kav
kav_233,"Target: Confirmation of Kavanaugh

If all you've got on Brett Kavanaugh is an accusation from when he was 17-years-old, and his accuser is an anti-Trump activist who won't go under oath and 'can't remember' when, where, or how anything happened, then Kavanaugh is pretty damn clean. #ConfirmKavanaugh",1.0,1,0.0,1.0,kav
kav_234,"Target: Confirmation of Kavanaugh

Yale Law School Dean now speaks out after it was uncovered that professor Amy Chua said it is ""not an accident"" that Brett Kavanaugh's female law clerks all ""looked like models"" - she was grooming them. Why do female Republican Senator like @SenCapito find this acceptable? https://t.co/ann2zTg5Ct",0.0,0,0.0,0.0,kav
kav_235,"Target: Confirmation of Kavanaugh

Dude if the GOP manages to confirm Kavanaugh before midterm elections, the Democrats are going to lose any chance they have of a blue wave. Period. They‚Äôve made such a big deal of this that a defeat on either side will be incredibly demoralizing",0.0,0,0.0,1.0,kav
kav_236,"Target: Confirmation of Kavanaugh

@NAACP_LDF He got one part right. Call your senator &amp; urge them to confirm Kavanaugh! We cannot allow a single allegation from 30+ years ago that has zero facts &amp; zero witnesses ruin someones career. Especially when the ""victim"" can't remember what year, where, the season, or anything else?",0.0,1,0.0,1.0,kav
kav_237,"Target: Confirmation of Kavanaugh

5-women are asked, ‚Äúraise your hand if you believe Brett Kavanaugh when he says this never happened?‚Äù All 5-believe Kavanaugh and do not have a problem w/him being on the SCOTUS. 78% of Republicans believe Kavanaugh should be confirmed. Retweet if you do! https://t.co/nyoUOe3owf",1.0,1,1.0,1.0,kav
kav_238,"Target: Confirmation of Kavanaugh

To me the image of Kavanaugh pressing his hand on her mouth to stop her from screaming could stand for the GOP treatment of Ford all week.",0.0,0,0.0,0.0,kav
kav_239,"Target: Confirmation of Kavanaugh

@rgoodlaw @mmehenriquez @JWGOP @nycsouthpaw @EdWhelanEPPC What I read earlier was that Kavanaugh was the person who suggested this to Whalen.",1.0,0,0.0,0.0,kav
kav_240,"Target: Confirmation of Kavanaugh

@senorrinhatch @vjeannek Also investigate and prosecute those who have threatened #Kavanaugh family- i think this is also a reasonable request",0.0,1,0.0,1.0,kav
kav_241,"Target: Confirmation of Kavanaugh

Kavanaugh wanted to block a 17-year-old girl from having an abortion, which would‚Äôve affected her for the rest of her life. Yet conservatives don‚Äôt want to hold Kavanaugh to his own standard, aruguing choices he made when he was 17 shouldn‚Äôt affect him for life. Seems unfair.",0.0,0,0.0,0.0,kav
kav_242,"Target: Confirmation of Kavanaugh

@SenatorCollins 6) the people closest to Kavanaugh have cycled through 5 separate defenses in 7 days, even though he has stated he knows nothing about the allegations 7) not a single fact undermining Dr. Blasey‚Äôs credibility has surfaced 8) Kavanaugh‚Äôs support among men has only gone up üòû",1.0,0,0.0,0.0,kav
kav_243,"Target: Confirmation of Kavanaugh

THIS IS WHY GREAT JOURNALISM MATTERS- The guy was accused (&amp; subsequently fired) sexual harasser, worked for @ChuckGrassley &amp;the pr firm that stoked whelan‚Äôs bogus theory Thanks to @HeidiPrzybyla‚Äôs steller reporting (NOT ample vetting by GOP) he was FIRED https://t.co/q2LFAinkr5",0.0,0,0.0,0.0,kav
kav_244,"Target: Confirmation of Kavanaugh

There is a disdain for women that is emanating from the U.S. Senate that has a pungent, rotten odor. https://t.co/Gf8AnfNn7M",0.0,0,0.0,0.0,kav
kav_245,"Target: Confirmation of Kavanaugh

30ish years later Kavanaugh is still attempting to put his hand over Dr. Ford‚Äôs mouth to silence her. This time it‚Äôs just with the help of the government.",0.0,0,0.0,0.0,kav
kav_246,"Target: Confirmation of Kavanaugh

@JRubinBlogger Don't understand why the Republicans haven't dumped Kavanaugh. Same with Trump. They have Pence and any number of judges to choose from.",0.0,0,0.0,0.0,kav
kav_247,"Target: Confirmation of Kavanaugh

Here‚Äôs what the people smearing Kavanaugh think: I asked what she claims he‚Äôs guilty of &amp; to provide evidence. She makes an inflammatory claim &amp; says no evidence is necessary. This is the Resistance folks. Smug, out of control, malicious, &amp; dangerous #ConfirmBrettKavanaughNow https://t.co/Lnonn7KKLP",0.0,1,0.0,1.0,kav
kav_248,"Target: Confirmation of Kavanaugh

@paulsperry_ @CarolinFlorida They have to treat her the ACCUSER with kiddy GLOVES or the left will say, look how shes being treated... well what about KAVANAUGH??",0.0,1,0.0,1.0,kav
kav_249,"Target: Confirmation of Kavanaugh

Dozens of Yale Law faculty members call for FBI to probe sexual assault accusation against Kavanaugh https://t.co/GadGhhfL8J https://t.co/I1JUMG54WC",1.0,0,0.0,0.0,kav
